DATE,CLOSE,TICKER,OPEN,HIGH,LOW,VOLUME
06/09/2018,122.10,VNM,125.50,126.40,122.00,1234110.00
05/09/2018,125.50,VNM,130.00,130.00,125.20,1250390.00
04/09/2018,156.70,VNM,157.80,157.80,156.60,690780.00
31/08/2018,156.70,VNM,157.00,158.80,156.70,726110.00
30/08/2018,156.50,VNM,157.60,157.70,155.50,899040.00
29/08/2018,157.60,VNM,159.50,159.60,156.90,1124120.00
28/08/2018,159.30,VNM,160.10,160.20,159.00,1057220.00
27/08/2018,160.30,VNM,163.00,163.00,160.00,1141160.00
24/08/2018,162.20,VNM,163.30,163.30,162.20,453010.00
23/08/2018,163.30,VNM,163.00,163.30,162.50,410280.00
22/08/2018,163.00,VNM,163.80,163.90,161.90,640010.00
21/08/2018,163.00,VNM,160.70,163.00,160.30,664240.00
20/08/2018,160.10,VNM,159.00,161.90,158.60,1290170.00
17/08/2018,158.50,VNM,159.00,159.50,158.50,408930.00
16/08/2018,158.60,VNM,158.00,158.60,155.60,1038700.00
15/08/2018,158.50,VNM,158.50,160.40,158.20,1081050.00
14/08/2018,158.10,VNM,159.00,159.90,157.80,995480.00
13/08/2018,156.10,VNM,157.00,157.00,155.40,1245500.00
10/08/2018,157.20,VNM,157.00,157.80,156.00,908450.00
09/08/2018,157.00,VNM,158.00,159.80,156.00,770210.00
08/08/2018,155.50,VNM,152.00,156.50,152.00,1267410.00
07/08/2018,153.00,VNM,160.00,160.00,153.00,2337260.00
06/08/2018,159.90,VNM,162.00,162.00,159.50,1238870.00
03/08/2018,161.60,VNM,164.70,164.70,161.30,1232510.00
02/08/2018,165.00,VNM,166.30,166.90,161.70,1590510.00
01/08/2018,166.90,VNM,168.00,168.20,166.60,684770.00
31/07/2018,168.20,VNM,168.00,169.00,167.00,634220.00
30/07/2018,168.50,VNM,169.00,169.90,167.80,453180.00
27/07/2018,168.80,VNM,171.00,171.50,168.60,290680.00
26/07/2018,171.50,VNM,169.90,171.50,169.00,519640.00
25/07/2018,169.90,VNM,170.00,170.40,169.90,427050.00
24/07/2018,169.90,VNM,169.80,171.00,169.30,566120.00
23/07/2018,170.00,VNM,169.00,171.80,168.20,685300.00
20/07/2018,169.50,VNM,170.80,170.80,169.20,620700.00
19/07/2018,170.50,VNM,173.00,173.00,169.00,970590.00
18/07/2018,169.00,VNM,168.00,169.00,167.50,503880.00
17/07/2018,167.90,VNM,166.50,168.00,166.40,588420.00
16/07/2018,168.00,VNM,167.20,168.30,165.80,557460.00
13/07/2018,166.30,VNM,168.30,168.80,165.80,384360.00
12/07/2018,168.30,VNM,167.00,168.80,167.00,158530.00
11/07/2018,167.00,VNM,167.00,168.50,166.00,729620.00
10/07/2018,167.00,VNM,167.00,168.90,167.00,701800.00
09/07/2018,167.00,VNM,168.90,169.50,166.80,320530.00
06/07/2018,166.00,VNM,164.00,170.00,164.00,449020.00
05/07/2018,165.00,VNM,167.00,168.00,164.00,880690.00
04/07/2018,167.00,VNM,170.00,170.00,167.00,856350.00
03/07/2018,170.00,VNM,170.00,170.10,169.00,1055480.00
02/07/2018,171.00,VNM,170.00,171.00,169.00,974640.00
29/06/2018,170.00,VNM,170.00,172.50,170.00,1164710.00
28/06/2018,170.00,VNM,174.00,174.60,169.00,748160.00
27/06/2018,175.00,VNM,174.60,175.90,174.60,320100.00
26/06/2018,175.90,VNM,176.50,178.00,174.00,250240.00
25/06/2018,179.20,VNM,182.00,182.00,178.50,637320.00
22/06/2018,178.00,VNM,168.50,178.50,168.50,1123650.00
21/06/2018,170.00,VNM,168.80,170.50,168.00,381390.00
20/06/2018,168.80,VNM,166.00,169.80,165.80,569890.00
19/06/2018,166.30,VNM,172.00,172.00,165.10,1076550.00
18/06/2018,172.70,VNM,178.10,179.80,172.70,356320.00
15/06/2018,180.00,VNM,178.60,180.50,178.00,1114730.00
14/06/2018,180.00,VNM,180.10,181.00,178.70,767750.00
13/06/2018,181.00,VNM,181.00,181.00,179.40,472470.00
12/06/2018,181.00,VNM,179.00,181.00,178.00,873690.00
11/06/2018,180.10,VNM,177.00,182.00,176.50,721050.00
08/06/2018,177.00,VNM,175.10,177.00,175.10,505520.00
07/06/2018,177.30,VNM,175.80,177.90,175.70,401900.00
06/06/2018,175.00,VNM,177.00,177.00,173.50,463720.00
05/06/2018,177.00,VNM,175.00,179.90,173.50,879160.00
04/06/2018,175.00,VNM,170.00,175.20,169.00,965230.00
01/06/2018,168.20,VNM,166.00,169.20,165.50,1051610.00
31/05/2018,164.20,VNM,165.50,166.00,163.50,2231710.00
30/05/2018,165.50,VNM,168.00,168.10,165.10,491920.00
29/05/2018,168.60,VNM,163.50,169.50,162.00,703120.00
28/05/2018,165.00,VNM,165.00,165.50,162.00,464830.00
25/05/2018,166.00,VNM,167.00,168.00,166.00,512860.00
24/05/2018,168.00,VNM,169.00,169.40,166.80,807290.00
23/05/2018,167.30,VNM,160.10,169.50,160.10,971280.00
22/05/2018,162.00,VNM,165.00,166.00,160.00,1185350.00
21/05/2018,166.00,VNM,172.00,172.00,165.10,1042490.00
18/05/2018,171.10,VNM,166.00,171.10,165.60,1153810.00
17/05/2018,165.00,VNM,169.00,169.50,165.00,1028400.00
16/05/2018,169.10,VNM,176.00,177.10,169.10,1644010.00
15/05/2018,176.00,VNM,180.00,180.50,176.00,1240740.00
14/05/2018,178.00,VNM,179.00,180.00,176.00,575000.00
11/05/2018,178.00,VNM,180.00,181.00,177.00,1006620.00
10/05/2018,180.00,VNM,186.00,186.00,179.00,451010.00
09/05/2018,185.00,VNM,185.00,186.00,184.00,555260.00
08/05/2018,185.10,VNM,190.50,190.50,185.10,514230.00
07/05/2018,190.00,VNM,185.00,190.50,184.50,771810.00
04/05/2018,184.00,VNM,184.80,185.00,183.70,735730.00
03/05/2018,185.00,VNM,187.00,187.00,184.00,878320.00
02/05/2018,184.50,VNM,186.00,186.00,184.50,619230.00
27/04/2018,185.00,VNM,182.40,189.00,182.00,997890.00
26/04/2018,181.00,VNM,181.90,181.90,180.00,959520.00
24/04/2018,180.00,VNM,179.00,181.00,176.10,1469750.00
23/04/2018,182.40,VNM,185.00,185.90,182.00,636940.00
20/04/2018,186.00,VNM,187.00,187.00,185.00,739700.00
19/04/2018,187.50,VNM,187.50,188.30,186.40,845170.00
18/04/2018,187.50,VNM,185.00,187.50,184.30,756500.00
17/04/2018,184.50,VNM,187.50,189.00,181.20,1217530.00
16/04/2018,190.00,VNM,195.70,195.70,190.00,653380.00
13/04/2018,195.70,VNM,197.00,197.00,195.50,727110.00
12/04/2018,196.30,VNM,196.50,196.80,195.40,751180.00
11/04/2018,196.00,VNM,196.00,197.50,195.40,846970.00
10/04/2018,197.00,VNM,197.80,197.80,195.00,1093850.00
09/04/2018,197.80,VNM,199.00,199.20,197.00,699250.00
06/04/2018,198.20,VNM,197.20,199.70,197.00,621180.00
05/04/2018,197.30,VNM,200.00,200.00,195.80,452710.00
04/04/2018,200.00,VNM,193.70,200.00,193.70,991130.00
03/04/2018,193.70,VNM,200.00,200.50,192.60,2017950.00
02/04/2018,199.70,VNM,202.50,202.90,198.50,1768080.00
30/03/2018,203.00,VNM,207.00,207.00,201.10,1529690.00
29/03/2018,207.00,VNM,211.00,211.30,207.00,758530.00
28/03/2018,211.00,VNM,213.00,214.00,211.00,585030.00
27/03/2018,213.00,VNM,210.00,214.70,209.00,1660410.00
26/03/2018,208.50,VNM,207.00,210.50,206.60,643500.00
23/03/2018,207.00,VNM,206.10,208.00,205.10,685220.00
22/03/2018,209.00,VNM,211.90,211.90,209.00,478650.00
21/03/2018,209.00,VNM,209.00,211.10,209.00,907550.00
20/03/2018,209.00,VNM,212.00,212.00,209.00,684730.00
19/03/2018,212.00,VNM,214.50,214.50,210.50,801280.00
16/03/2018,214.00,VNM,211.00,214.00,209.00,1730500.00
15/03/2018,210.20,VNM,213.00,213.00,209.80,623080.00
14/03/2018,213.00,VNM,210.00,214.00,209.20,1133180.00
13/03/2018,210.00,VNM,206.00,211.00,206.00,1265790.00
12/03/2018,206.00,VNM,208.50,210.70,206.00,828230.00
09/03/2018,208.00,VNM,209.00,210.60,208.00,1021150.00
08/03/2018,209.00,VNM,207.00,209.30,207.00,592410.00
07/03/2018,206.10,VNM,201.10,210.00,201.10,1981110.00
06/03/2018,202.00,VNM,202.40,203.50,199.20,786240.00
05/03/2018,202.40,VNM,199.80,205.00,198.50,712070.00
02/03/2018,199.30,VNM,196.00,199.50,195.00,412780.00
01/03/2018,196.00,VNM,196.00,199.00,196.00,732890.00
28/02/2018,196.00,VNM,199.00,199.60,196.00,886780.00
27/02/2018,200.00,VNM,202.00,202.00,198.00,457260.00
26/02/2018,200.00,VNM,202.00,204.00,200.00,889620.00
23/02/2018,202.00,VNM,203.00,203.50,199.00,481780.00
22/02/2018,201.00,VNM,203.20,203.20,199.10,449840.00
21/02/2018,203.20,VNM,197.90,203.20,194.00,649890.00
13/02/2018,193.50,VNM,192.00,195.00,192.00,541650.00
12/02/2018,192.00,VNM,189.00,192.00,189.00,970250.00
09/02/2018,191.00,VNM,190.00,192.00,187.00,856530.00
08/02/2018,197.10,VNM,200.00,200.30,196.40,234230.00
07/02/2018,200.30,VNM,203.80,203.80,200.20,507670.00
06/02/2018,197.90,VNM,192.00,202.00,189.50,1484810.00
05/02/2018,203.10,VNM,202.50,205.00,201.70,504920.00
02/02/2018,207.00,VNM,201.50,207.00,201.50,677340.00
01/02/2018,203.00,VNM,204.00,206.60,201.00,451270.00
31/01/2018,203.50,VNM,202.40,207.50,201.10,1120270.00
30/01/2018,204.50,VNM,204.00,205.00,202.90,843170.00
29/01/2018,206.50,VNM,211.80,212.00,206.50,573230.00
26/01/2018,211.80,VNM,207.10,212.20,207.10,672410.00
25/01/2018,207.00,VNM,209.00,211.80,207.00,1059420.00
22/01/2018,211.60,VNM,207.00,211.70,206.00,1031780.00
19/01/2018,205.60,VNM,206.40,209.40,205.60,1094050.00
18/01/2018,205.60,VNM,200.00,205.60,199.50,921800.00
17/01/2018,201.10,VNM,207.00,208.00,200.00,891480.00
16/01/2018,208.30,VNM,207.20,208.50,207.20,701460.00
15/01/2018,208.50,VNM,209.00,209.50,208.00,405160.00
12/01/2018,209.90,VNM,210.00,211.00,209.30,585640.00
11/01/2018,210.00,VNM,212.00,212.00,209.10,794780.00
10/01/2018,211.00,VNM,205.20,211.00,205.20,902750.00
09/01/2018,207.00,VNM,210.10,212.00,206.50,810590.00
08/01/2018,210.00,VNM,213.00,213.00,208.50,674800.00
05/01/2018,213.50,VNM,214.00,215.00,212.50,518860.00
04/01/2018,214.80,VNM,213.10,215.00,213.10,704350.00
03/01/2018,213.90,VNM,213.50,215.00,212.10,557370.00
02/01/2018,211.50,VNM,211.00,211.90,208.60,372760.00
29/12/2017,208.60,VNM,203.50,212.50,203.50,893540.00
28/12/2017,205.20,VNM,205.00,205.50,204.00,652970.00
27/12/2017,205.00,VNM,204.70,205.50,204.00,754980.00
26/12/2017,202.90,VNM,200.00,202.90,199.60,415160.00
25/12/2017,200.00,VNM,202.10,202.80,199.80,377420.00
22/12/2017,202.90,VNM,203.00,204.00,202.00,442910.00
21/12/2017,203.90,VNM,201.00,204.70,201.00,467120.00
20/12/2017,202.00,VNM,201.00,204.70,200.00,554110.00
19/12/2017,203.00,VNM,205.00,205.90,203.00,1086070.00
18/12/2017,205.00,VNM,201.00,205.50,198.40,1218260.00
15/12/2017,197.00,VNM,201.00,201.00,195.00,1865860.00
14/12/2017,201.00,VNM,195.50,201.00,195.00,837490.00
13/12/2017,194.80,VNM,194.50,195.40,192.50,652890.00
12/12/2017,194.50,VNM,193.00,194.90,190.00,757020.00
11/12/2017,191.00,VNM,188.10,194.20,188.10,843650.00
08/12/2017,188.10,VNM,186.00,193.20,186.00,839440.00
07/12/2017,186.00,VNM,195.00,197.90,186.00,1188910.00
06/12/2017,195.00,VNM,195.00,197.00,187.20,949920.00
05/12/2017,199.00,VNM,203.00,205.00,198.00,710070.00
04/12/2017,203.00,VNM,196.00,205.10,196.00,1419300.00
01/12/2017,196.00,VNM,187.00,196.00,187.00,1252580.00
30/11/2017,186.70,VNM,185.00,189.50,184.90,1076240.00
29/11/2017,185.00,VNM,184.00,185.40,184.00,464670.00
28/11/2017,185.00,VNM,183.00,185.00,183.00,380450.00
27/11/2017,185.00,VNM,184.00,185.50,183.10,693370.00
24/11/2017,185.00,VNM,181.50,186.00,181.10,678800.00
23/11/2017,184.90,VNM,184.90,189.00,182.10,664960.00
22/11/2017,184.90,VNM,188.80,189.00,180.00,1829730.00
21/11/2017,189.00,VNM,187.00,195.70,187.00,1128220.00
20/11/2017,187.00,VNM,182.90,187.60,181.50,964830.00
17/11/2017,183.20,VNM,183.20,183.90,182.20,645550.00
16/11/2017,183.20,VNM,181.00,184.00,180.20,637980.00
15/11/2017,181.80,VNM,175.80,184.00,175.80,1215870.00
14/11/2017,180.00,VNM,181.00,182.20,175.00,1489540.00
13/11/2017,184.50,VNM,175.00,185.20,174.00,4495140.00
10/11/2017,173.80,VNM,162.30,173.80,162.00,9270450.00
09/11/2017,162.50,VNM,160.20,163.00,159.30,2051860.00
08/11/2017,160.20,VNM,157.80,160.60,157.80,2431670.00
07/11/2017,157.80,VNM,158.00,158.50,157.00,561000.00
06/11/2017,158.00,VNM,155.20,158.00,155.20,1120090.00
03/11/2017,155.20,VNM,155.90,156.00,153.50,469800.00
02/11/2017,155.90,VNM,155.00,157.80,154.20,1117310.00
01/11/2017,155.00,VNM,151.00,155.50,151.00,1499790.00
31/10/2017,151.00,VNM,151.90,151.90,151.00,962120.00
30/10/2017,151.90,VNM,152.60,152.60,151.60,557510.00
27/10/2017,152.40,VNM,152.00,152.40,151.80,768310.00
26/10/2017,151.80,VNM,150.60,151.90,150.60,974570.00
25/10/2017,150.50,VNM,149.00,150.60,149.00,904450.00
24/10/2017,149.00,VNM,147.90,149.00,147.60,676220.00
23/10/2017,148.00,VNM,148.50,148.50,147.80,589480.00
20/10/2017,148.50,VNM,148.60,148.80,148.50,260000.00
19/10/2017,148.80,VNM,149.00,149.00,148.50,387120.00
18/10/2017,149.00,VNM,149.00,149.60,149.00,385670.00
17/10/2017,149.10,VNM,148.60,149.20,148.50,398020.00
16/10/2017,148.60,VNM,149.90,150.10,148.60,681780.00
13/10/2017,149.40,VNM,148.00,149.40,148.00,500040.00
12/10/2017,148.00,VNM,148.50,148.60,148.00,397590.00
11/10/2017,148.50,VNM,148.50,148.80,148.20,626740.00
10/10/2017,148.50,VNM,148.20,148.80,148.20,396010.00
09/10/2017,148.90,VNM,149.00,149.20,148.10,146010.00
06/10/2017,149.00,VNM,149.60,150.30,149.00,910760.00
05/10/2017,149.00,VNM,148.60,149.60,148.30,465810.00
04/10/2017,148.50,VNM,147.80,148.50,147.70,305930.00
03/10/2017,147.90,VNM,148.60,148.60,147.70,634960.00
02/10/2017,148.50,VNM,149.10,149.50,148.40,297110.00
29/09/2017,149.20,VNM,149.00,151.00,148.90,996610.00
28/09/2017,149.00,VNM,148.00,149.00,147.90,440360.00
27/09/2017,148.00,VNM,148.00,148.50,147.90,310820.00
26/09/2017,148.10,VNM,148.00,148.60,147.70,338160.00
25/09/2017,148.00,VNM,147.70,148.00,147.20,254360.00
22/09/2017,147.70,VNM,148.00,148.50,147.70,353760.00
21/09/2017,148.00,VNM,148.50,148.50,148.00,741410.00
20/09/2017,148.90,VNM,148.40,149.20,148.00,367110.00
19/09/2017,148.40,VNM,149.00,149.20,148.40,343070.00
18/09/2017,149.00,VNM,147.50,150.00,147.50,555240.00
15/09/2017,148.00,VNM,147.90,148.30,147.60,1520080.00
14/09/2017,148.30,VNM,148.00,148.40,148.00,805690.00
13/09/2017,148.20,VNM,148.20,148.20,148.00,991330.00
12/09/2017,148.10,VNM,147.80,148.50,147.70,676440.00
11/09/2017,148.40,VNM,149.10,149.10,148.20,664250.00
08/09/2017,149.10,VNM,149.00,149.60,148.80,303590.00
07/09/2017,149.50,VNM,150.70,150.70,149.40,433550.00
06/09/2017,151.00,VNM,152.40,152.40,150.70,325420.00
05/09/2017,152.60,VNM,151.50,152.80,151.10,860140.00
01/09/2017,151.50,VNM,148.90,151.50,148.90,549830.00
31/08/2017,148.40,VNM,148.50,150.50,148.30,591080.00
30/08/2017,148.00,VNM,147.50,148.10,147.50,515460.00
29/08/2017,147.50,VNM,148.00,148.30,147.40,670760.00
28/08/2017,148.30,VNM,148.50,148.50,147.70,323280.00
25/08/2017,148.50,VNM,148.50,148.50,148.10,274610.00
24/08/2017,148.30,VNM,148.10,148.50,148.10,244450.00
23/08/2017,148.50,VNM,148.40,148.50,147.80,403240.00
22/08/2017,148.50,VNM,149.00,149.00,148.20,418410.00
21/08/2017,148.90,VNM,149.30,149.30,148.90,247430.00
18/08/2017,149.20,VNM,148.10,149.40,148.10,355880.00
17/08/2017,148.80,VNM,147.50,149.10,147.00,842250.00
16/08/2017,147.50,VNM,148.20,148.20,146.10,427170.00
15/08/2017,148.50,VNM,149.70,150.00,148.50,537150.00
14/08/2017,149.70,VNM,150.00,150.00,149.30,927460.00
11/08/2017,151.50,VNM,151.50,152.00,150.00,691600.00
10/08/2017,151.50,VNM,150.00,151.80,150.00,392360.00
09/08/2017,150.00,VNM,152.00,152.00,148.40,1116820.00
08/08/2017,152.00,VNM,153.70,153.70,151.80,1197600.00
07/08/2017,153.70,VNM,154.00,154.00,153.00,384100.00
04/08/2017,154.00,VNM,154.00,154.30,153.80,290860.00
03/08/2017,154.00,VNM,153.20,154.30,153.00,702810.00
02/08/2017,152.40,VNM,151.10,152.50,151.10,1066000.00
01/08/2017,151.10,VNM,152.60,152.60,151.10,811580.00
31/07/2017,152.60,VNM,153.00,153.00,152.50,682960.00
28/07/2017,153.00,VNM,152.90,153.10,152.90,342150.00
27/07/2017,152.90,VNM,153.00,153.00,152.70,214220.00
26/07/2017,153.00,VNM,152.00,153.70,151.90,338260.00
25/07/2017,151.80,VNM,151.50,152.00,151.20,175170.00
24/07/2017,151.80,VNM,151.10,152.00,150.00,704570.00
21/07/2017,151.50,VNM,151.20,152.00,151.20,464940.00
20/07/2017,152.00,VNM,152.00,152.90,151.90,727990.00
19/07/2017,153.00,VNM,153.00,154.40,152.70,375820.00
18/07/2017,152.00,VNM,152.00,153.00,151.00,637870.00
17/07/2017,151.90,VNM,154.00,155.00,151.60,553330.00
14/07/2017,155.10,VNM,156.30,156.30,155.00,690430.00
13/07/2017,156.30,VNM,157.00,157.00,156.00,500840.00
12/07/2017,155.40,VNM,153.80,155.90,152.80,541660.00
11/07/2017,153.00,VNM,151.70,153.00,151.70,518150.00
10/07/2017,151.70,VNM,154.20,154.70,151.20,992910.00
07/07/2017,154.20,VNM,158.00,158.00,154.20,976360.00
06/07/2017,157.50,VNM,157.50,158.20,156.70,549800.00
05/07/2017,156.60,VNM,156.10,156.70,155.90,438550.00
04/07/2017,156.50,VNM,156.90,156.90,156.10,324350.00
03/07/2017,157.00,VNM,158.00,158.00,156.70,562340.00
30/06/2017,157.60,VNM,154.80,157.90,154.80,1344660.00
29/06/2017,154.80,VNM,155.50,155.90,154.80,312720.00
28/06/2017,155.40,VNM,153.50,155.50,153.50,918320.00
27/06/2017,153.50,VNM,153.40,153.70,153.30,542230.00
26/06/2017,153.40,VNM,153.00,153.50,152.30,267450.00
23/06/2017,153.00,VNM,152.90,153.10,152.60,344920.00
22/06/2017,152.90,VNM,153.10,153.80,152.80,244120.00
21/06/2017,153.80,VNM,152.60,153.80,151.50,912700.00
20/06/2017,153.00,VNM,154.40,154.40,152.70,894760.00
19/06/2017,154.40,VNM,153.20,154.40,153.10,740530.00
16/06/2017,153.00,VNM,155.00,155.00,153.00,1161370.00
15/06/2017,153.80,VNM,153.50,154.30,153.30,414540.00
14/06/2017,153.50,VNM,152.30,153.70,152.20,536000.00
13/06/2017,152.30,VNM,152.60,152.60,151.60,636190.00
12/06/2017,152.70,VNM,153.70,153.80,152.50,505720.00
09/06/2017,153.70,VNM,153.90,154.00,153.50,329670.00
08/06/2017,153.60,VNM,154.00,154.00,153.40,207740.00
07/06/2017,154.00,VNM,154.50,154.60,153.00,740420.00
06/06/2017,154.20,VNM,154.00,154.80,153.70,239400.00
05/06/2017,153.70,VNM,150.90,155.50,150.90,749080.00
02/06/2017,150.90,VNM,151.00,152.00,150.20,496020.00
01/06/2017,151.90,VNM,151.00,151.90,150.10,597180.00
31/05/2017,149.70,VNM,150.00,152.30,149.60,1328060.00
30/05/2017,149.70,VNM,151.40,151.60,149.30,460930.00
29/05/2017,151.70,VNM,152.00,152.30,151.40,356250.00
26/05/2017,152.00,VNM,149.50,152.00,149.50,427910.00
25/05/2017,150.00,VNM,151.50,151.50,149.70,619520.00
24/05/2017,151.50,VNM,151.50,151.90,150.00,702140.00
23/05/2017,151.50,VNM,150.30,152.00,150.30,730180.00
22/05/2017,150.30,VNM,147.90,150.40,147.80,1210850.00
19/05/2017,147.90,VNM,146.00,148.00,145.70,816280.00
18/05/2017,146.00,VNM,144.50,146.50,144.50,580440.00
17/05/2017,147.00,VNM,143.50,147.50,143.50,1231010.00
16/05/2017,143.50,VNM,144.00,144.40,143.50,531270.00
15/05/2017,143.90,VNM,145.00,145.30,143.40,820620.00
12/05/2017,144.80,VNM,144.50,145.30,144.10,594730.00
11/05/2017,144.50,VNM,144.80,144.80,143.90,465950.00
10/05/2017,144.40,VNM,143.60,145.50,143.30,643400.00
09/05/2017,144.00,VNM,145.80,145.80,143.30,937160.00
08/05/2017,145.90,VNM,146.60,146.70,145.10,813270.00
05/05/2017,146.60,VNM,147.50,148.30,146.60,524400.00
04/05/2017,148.50,VNM,147.00,149.00,146.60,999850.00
03/05/2017,148.30,VNM,148.10,148.70,148.10,879460.00
28/04/2017,148.00,VNM,147.00,148.60,146.70,1414090.00
27/04/2017,146.50,VNM,144.20,146.50,143.80,1185660.00
26/04/2017,143.90,VNM,143.40,143.90,142.50,272660.00
25/04/2017,143.40,VNM,143.80,143.80,142.90,472730.00
24/04/2017,144.00,VNM,144.20,144.70,143.50,562400.00
21/04/2017,144.70,VNM,144.90,145.30,144.20,445370.00
20/04/2017,144.90,VNM,145.50,145.50,144.60,427660.00
19/04/2017,145.40,VNM,144.40,145.90,144.40,968630.00
18/04/2017,144.40,VNM,142.10,144.60,142.00,1900380.00
17/04/2017,142.00,VNM,140.70,142.60,140.70,884170.00
14/04/2017,141.70,VNM,142.60,143.00,140.80,622350.00
13/04/2017,143.10,VNM,143.50,143.90,143.10,322970.00
12/04/2017,144.00,VNM,144.00,144.40,143.40,758300.00
11/04/2017,143.50,VNM,142.60,143.70,142.50,465400.00
10/04/2017,142.60,VNM,142.60,142.80,141.90,604270.00
07/04/2017,142.60,VNM,141.70,143.20,141.30,905370.00
05/04/2017,143.40,VNM,143.50,144.00,142.50,788830.00
04/04/2017,144.00,VNM,144.30,144.30,143.60,1063990.00
03/04/2017,144.30,VNM,143.30,144.60,143.30,802030.00
31/03/2017,143.30,VNM,144.70,145.10,143.30,1382240.00
30/03/2017,144.00,VNM,141.80,144.00,141.80,1175100.00
29/03/2017,141.80,VNM,140.10,142.00,140.00,773630.00
28/03/2017,140.80,VNM,142.70,143.00,139.00,1026200.00
27/03/2017,142.00,VNM,142.90,143.80,141.50,1066240.00
24/03/2017,141.70,VNM,140.80,142.00,140.70,1083750.00
23/03/2017,140.20,VNM,136.60,140.40,136.60,2051790.00
22/03/2017,136.60,VNM,135.30,138.70,135.30,1472340.00
21/03/2017,135.60,VNM,133.50,136.00,133.50,819240.00
20/03/2017,133.90,VNM,133.20,134.80,132.40,730260.00
17/03/2017,134.00,VNM,134.10,134.60,133.60,1035520.00
16/03/2017,134.00,VNM,133.00,134.40,133.00,905990.00
15/03/2017,133.00,VNM,130.80,133.00,130.70,1182810.00
14/03/2017,130.70,VNM,129.80,130.90,129.80,489770.00
13/03/2017,129.70,VNM,130.00,130.60,129.70,342480.00
10/03/2017,129.90,VNM,130.50,130.60,129.90,427360.00
09/03/2017,130.50,VNM,130.90,130.90,130.40,409260.00
08/03/2017,130.60,VNM,130.00,131.60,130.00,639360.00
07/03/2017,130.00,VNM,130.00,130.80,129.90,444700.00
06/03/2017,130.90,VNM,129.70,131.00,129.50,736590.00
03/03/2017,129.90,VNM,129.70,130.10,129.30,508470.00
02/03/2017,129.70,VNM,130.80,130.80,129.70,482040.00
01/03/2017,130.80,VNM,130.70,131.70,130.70,587180.00
28/02/2017,131.40,VNM,131.80,131.90,130.90,769690.00
27/02/2017,131.80,VNM,132.00,132.60,131.80,759760.00
24/02/2017,131.90,VNM,130.00,131.90,129.50,1319730.00
23/02/2017,130.30,VNM,130.40,130.50,129.10,613250.00
22/02/2017,130.40,VNM,130.30,131.20,130.20,590120.00
21/02/2017,130.30,VNM,130.00,131.30,129.30,817670.00
20/02/2017,130.00,VNM,130.00,130.60,130.00,484790.00
17/02/2017,130.00,VNM,132.00,132.10,129.80,953520.00
16/02/2017,132.00,VNM,133.00,133.40,131.60,666900.00
15/02/2017,133.00,VNM,133.00,133.20,132.80,862020.00
14/02/2017,132.90,VNM,133.80,133.90,132.70,673070.00
13/02/2017,133.80,VNM,133.80,134.00,133.40,694280.00
10/02/2017,133.80,VNM,134.10,134.10,133.70,2093370.00
09/02/2017,134.10,VNM,134.30,134.50,134.00,814060.00
08/02/2017,133.90,VNM,133.80,134.40,133.50,448850.00
07/02/2017,133.80,VNM,133.20,134.30,132.50,738710.00
06/02/2017,133.20,VNM,134.10,134.20,132.80,1331990.00
03/02/2017,133.90,VNM,134.90,136.90,133.50,1608110.00
02/02/2017,133.00,VNM,129.50,133.40,129.00,1700550.00
25/01/2017,129.00,VNM,128.00,129.20,128.00,1485910.00
24/01/2017,128.00,VNM,129.00,129.20,128.00,932170.00
23/01/2017,128.00,VNM,127.00,129.10,127.00,1825560.00
20/01/2017,127.00,VNM,126.00,128.30,126.00,1594930.00
19/01/2017,126.00,VNM,126.30,126.30,125.90,862790.00
18/01/2017,126.00,VNM,126.00,126.20,125.20,852000.00
17/01/2017,126.10,VNM,126.70,126.70,126.10,582380.00
16/01/2017,126.50,VNM,127.00,127.10,126.40,602630.00
13/01/2017,126.90,VNM,127.00,127.30,126.50,612600.00
12/01/2017,127.00,VNM,127.00,127.40,126.60,474780.00
11/01/2017,127.00,VNM,126.30,127.20,126.20,838220.00
10/01/2017,126.10,VNM,126.00,126.50,126.00,915320.00
09/01/2017,126.00,VNM,126.70,126.80,126.00,911300.00
06/01/2017,126.00,VNM,126.70,127.60,126.00,1371760.00
05/01/2017,126.70,VNM,127.10,127.10,126.20,822360.00
04/01/2017,126.90,VNM,127.50,127.60,126.80,659370.00
03/01/2017,126.70,VNM,125.60,127.00,125.60,652370.00
30/12/2016,125.60,VNM,128.60,128.60,125.40,1065850.00
29/12/2016,128.60,VNM,130.00,130.00,128.30,1999150.00
28/12/2016,126.00,VNM,126.00,126.80,125.00,1060440.00
27/12/2016,125.00,VNM,122.40,125.20,122.10,1728320.00
26/12/2016,122.50,VNM,124.00,124.50,122.10,625660.00
23/12/2016,124.00,VNM,123.00,124.00,121.60,1446200.00
22/12/2016,123.10,VNM,126.10,127.00,123.10,1433510.00
21/12/2016,126.10,VNM,124.00,126.70,121.50,2363690.00
20/12/2016,124.60,VNM,128.50,128.70,124.30,3022290.00
19/12/2016,128.80,VNM,130.50,130.90,128.50,618600.00
16/12/2016,129.90,VNM,128.00,129.90,128.00,1677380.00
15/12/2016,127.60,VNM,130.40,130.50,126.90,2740830.00
14/12/2016,130.80,VNM,131.00,132.20,130.00,1192770.00
13/12/2016,131.00,VNM,133.70,135.00,131.00,1451120.00
12/12/2016,133.70,VNM,132.50,134.30,132.50,1685520.00
09/12/2016,135.80,VNM,135.50,136.80,135.00,1512330.00
08/12/2016,135.20,VNM,135.20,136.20,134.60,2784980.00
07/12/2016,132.50,VNM,133.30,133.40,131.80,2071090.00
06/12/2016,134.00,VNM,135.00,135.00,133.80,921260.00
05/12/2016,135.00,VNM,135.40,135.70,134.50,1059840.00
02/12/2016,135.00,VNM,135.00,136.50,134.20,1698140.00
01/12/2016,135.20,VNM,138.00,138.20,135.20,1458640.00
30/11/2016,138.00,VNM,135.00,142.00,134.00,5410310.00
29/11/2016,134.30,VNM,131.00,134.60,130.50,2857650.00
28/11/2016,129.20,VNM,134.00,134.00,128.50,3125070.00
25/11/2016,134.50,VNM,136.70,136.80,133.70,2750970.00
24/11/2016,136.70,VNM,138.90,138.90,136.50,2085820.00
23/11/2016,139.00,VNM,140.70,140.80,138.80,903770.00
22/11/2016,140.70,VNM,138.60,140.90,138.60,1242000.00
21/11/2016,138.50,VNM,138.00,138.90,137.90,972500.00
18/11/2016,137.20,VNM,138.10,138.50,137.20,1269760.00
17/11/2016,139.00,VNM,139.00,139.30,138.70,876780.00
16/11/2016,139.00,VNM,137.30,139.20,137.30,1694320.00
15/11/2016,137.30,VNM,138.10,139.10,137.20,1937180.00
14/11/2016,138.20,VNM,140.00,140.30,138.10,1635670.00
11/11/2016,140.50,VNM,141.00,141.20,140.50,789590.00
10/11/2016,141.00,VNM,140.40,141.30,140.40,970990.00
09/11/2016,140.00,VNM,140.20,140.30,136.60,2730910.00
08/11/2016,140.40,VNM,140.50,140.90,140.30,487900.00
07/11/2016,140.20,VNM,141.00,141.10,140.10,1259230.00
04/11/2016,140.90,VNM,141.40,141.90,140.50,1048780.00
03/11/2016,141.40,VNM,141.00,141.40,140.70,1438620.00
02/11/2016,141.10,VNM,141.90,142.60,141.10,803900.00
01/11/2016,141.90,VNM,143.00,143.00,141.40,560760.00
31/10/2016,142.00,VNM,143.00,143.60,142.00,354450.00
28/10/2016,143.30,VNM,142.50,144.10,142.00,833450.00
27/10/2016,142.50,VNM,141.40,142.50,141.10,378630.00
26/10/2016,141.10,VNM,141.00,141.50,140.90,405530.00
25/10/2016,141.00,VNM,141.00,141.80,140.50,1247450.00
24/10/2016,141.00,VNM,144.20,144.20,141.00,1645610.00
21/10/2016,144.20,VNM,145.00,145.90,144.10,585660.00
20/10/2016,144.90,VNM,146.00,146.50,144.50,855020.00
19/10/2016,146.00,VNM,144.00,146.50,143.10,1959520.00
18/10/2016,144.00,VNM,142.20,144.00,141.90,877320.00
17/10/2016,142.20,VNM,143.30,144.20,142.10,711870.00
14/10/2016,144.00,VNM,142.00,144.80,142.00,2094790.00
13/10/2016,142.00,VNM,141.10,142.50,141.10,771080.00
12/10/2016,141.50,VNM,140.50,141.50,140.00,1243190.00
11/10/2016,140.50,VNM,140.00,141.00,137.20,2006450.00
10/10/2016,140.10,VNM,141.60,141.60,140.10,742680.00
07/10/2016,141.60,VNM,142.00,142.60,140.60,1175020.00
06/10/2016,142.00,VNM,140.40,142.40,140.40,1526360.00
05/10/2016,140.40,VNM,141.00,141.40,140.40,821370.00
04/10/2016,140.50,VNM,140.50,141.80,140.10,1378590.00
03/10/2016,140.50,VNM,140.90,140.90,140.20,1069050.00
30/09/2016,140.00,VNM,140.00,140.90,140.00,989150.00
29/09/2016,140.00,VNM,140.00,140.90,139.70,2074740.00
28/09/2016,140.00,VNM,140.50,140.70,139.30,1476100.00
27/09/2016,140.00,VNM,141.00,141.40,140.00,1074130.00
26/09/2016,141.00,VNM,140.00,141.10,139.60,1518050.00
23/09/2016,140.00,VNM,136.90,140.40,136.50,1718800.00
22/09/2016,137.20,VNM,138.00,139.50,137.20,952970.00
21/09/2016,137.80,VNM,138.00,138.90,137.00,1460260.00
20/09/2016,136.00,VNM,135.00,136.00,133.00,2676170.00
19/09/2016,136.00,VNM,140.00,140.00,135.80,3028480.00
16/09/2016,138.00,VNM,143.00,143.00,138.00,6624630.00
15/09/2016,143.00,VNM,144.10,144.60,142.50,1445440.00
14/09/2016,144.00,VNM,144.00,144.50,142.20,875800.00
13/09/2016,144.90,VNM,141.20,145.80,139.10,2425810.00
12/09/2016,141.20,VNM,144.00,145.80,140.90,2182400.00
09/09/2016,143.00,VNM,148.00,148.00,143.00,1741810.00
08/09/2016,147.00,VNM,145.00,148.00,144.00,2287900.00
07/09/2016,146.00,VNM,149.00,149.00,143.00,4166500.00
06/09/2016,150.00,VNM,154.00,154.00,150.00,1732660.00
05/09/2016,154.00,VNM,154.00,156.00,151.00,2682460.00
01/09/2016,154.00,VNM,156.00,156.00,152.00,2630100.00
31/08/2016,156.00,VNM,153.00,156.00,153.00,2108900.00
30/08/2016,152.00,VNM,152.00,153.00,150.00,1752690.00
29/08/2016,151.00,VNM,146.00,155.00,146.00,3289040.00
26/08/2016,146.00,VNM,144.00,146.00,144.00,961360.00
25/08/2016,145.00,VNM,145.00,146.00,143.00,609070.00
24/08/2016,145.00,VNM,144.00,146.00,143.00,1173980.00
23/08/2016,143.00,VNM,140.00,143.00,139.00,1074520.00
22/08/2016,140.00,VNM,143.00,144.00,140.00,1276220.00
19/08/2016,143.00,VNM,145.00,147.00,142.00,3527830.00
18/08/2016,174.00,VNM,172.00,174.00,171.00,2115570.00
17/08/2016,171.00,VNM,170.00,172.00,169.00,1335230.00
16/08/2016,169.00,VNM,169.00,171.00,169.00,1086530.00
15/08/2016,169.00,VNM,168.00,170.00,167.00,1144990.00
12/08/2016,168.00,VNM,172.00,175.00,168.00,3172710.00
11/08/2016,169.00,VNM,165.00,169.00,164.00,1682430.00
10/08/2016,164.00,VNM,163.00,165.00,162.00,1339110.00
09/08/2016,162.00,VNM,159.00,163.00,159.00,1906470.00
08/08/2016,158.00,VNM,158.00,159.00,157.00,657180.00
05/08/2016,158.00,VNM,156.00,158.00,155.00,839620.00
04/08/2016,156.00,VNM,155.00,158.00,154.00,1142360.00
03/08/2016,154.00,VNM,153.00,155.00,152.00,660790.00
02/08/2016,152.00,VNM,154.00,155.00,152.00,1681750.00
01/08/2016,155.00,VNM,159.00,159.00,154.00,1706560.00
29/07/2016,158.00,VNM,160.00,161.00,158.00,1004950.00
28/07/2016,160.00,VNM,158.00,161.00,158.00,1316550.00
27/07/2016,158.00,VNM,158.00,159.00,157.00,594750.00
26/07/2016,157.00,VNM,154.00,158.00,153.00,1021030.00
25/07/2016,154.00,VNM,157.00,157.00,154.00,551630.00
22/07/2016,156.00,VNM,158.00,159.00,152.00,2099510.00
21/07/2016,157.00,VNM,160.00,162.00,156.00,1758070.00
20/07/2016,158.00,VNM,154.00,159.00,152.00,1548000.00
19/07/2016,153.00,VNM,150.00,155.00,150.00,1838230.00
18/07/2016,150.00,VNM,148.00,151.00,147.00,1083560.00
15/07/2016,147.00,VNM,146.00,148.00,145.00,491430.00
14/07/2016,146.00,VNM,146.00,148.00,145.00,1249220.00
13/07/2016,147.00,VNM,147.00,148.00,146.00,444730.00
12/07/2016,147.00,VNM,146.00,147.00,144.00,644290.00
11/07/2016,146.00,VNM,147.00,149.00,145.00,554950.00
08/07/2016,147.00,VNM,147.00,149.00,146.00,654500.00
07/07/2016,147.00,VNM,144.00,147.00,143.00,1355810.00
06/07/2016,143.00,VNM,144.00,144.00,142.00,401510.00
05/07/2016,144.00,VNM,145.00,146.00,143.00,719200.00
04/07/2016,145.00,VNM,145.00,145.00,143.00,878780.00
01/07/2016,143.00,VNM,144.00,144.00,142.00,1171460.00
30/06/2016,141.00,VNM,140.00,142.00,140.00,687180.00
29/06/2016,139.00,VNM,141.00,141.00,139.00,830840.00
28/06/2016,140.00,VNM,137.00,144.00,136.00,2005670.00
27/06/2016,137.00,VNM,136.00,137.00,134.00,681400.00
24/06/2016,137.00,VNM,140.00,140.00,132.00,1764890.00
23/06/2016,140.00,VNM,138.00,141.00,138.00,1145260.00
22/06/2016,139.00,VNM,139.00,140.00,138.00,276520.00
21/06/2016,139.00,VNM,138.00,140.00,138.00,609500.00
20/06/2016,137.00,VNM,137.00,138.00,136.00,276920.00
17/06/2016,137.00,VNM,137.00,138.00,136.00,208430.00
16/06/2016,137.00,VNM,138.00,139.00,137.00,198930.00
15/06/2016,137.00,VNM,136.00,138.00,135.00,267060.00
14/06/2016,137.00,VNM,136.00,137.00,135.00,175590.00
13/06/2016,137.00,VNM,136.00,137.00,135.00,280500.00
10/06/2016,137.00,VNM,138.00,138.00,136.00,333760.00
09/06/2016,138.00,VNM,138.00,138.00,137.00,199430.00
08/06/2016,138.00,VNM,138.00,139.00,137.00,292560.00
07/06/2016,137.00,VNM,136.00,137.00,135.00,439670.00
06/06/2016,136.00,VNM,139.00,139.00,136.00,661120.00
03/06/2016,139.00,VNM,140.00,140.00,138.00,508090.00
02/06/2016,141.00,VNM,141.00,142.00,141.00,365590.00
01/06/2016,141.00,VNM,141.00,142.00,140.00,622250.00
31/05/2016,142.00,VNM,143.00,143.00,142.00,202240.00
30/05/2016,142.00,VNM,143.00,143.00,141.00,282620.00
27/05/2016,143.00,VNM,141.00,143.00,141.00,332540.00
26/05/2016,141.00,VNM,144.00,144.00,141.00,963010.00
25/05/2016,144.00,VNM,145.00,146.00,144.00,450900.00
24/05/2016,145.00,VNM,146.00,146.00,145.00,476530.00
23/05/2016,146.00,VNM,147.00,147.00,145.00,715290.00
20/05/2016,146.00,VNM,146.00,147.00,145.00,397920.00
19/05/2016,145.00,VNM,145.00,146.00,144.00,377230.00
18/05/2016,145.00,VNM,147.00,147.00,145.00,637860.00
17/05/2016,147.00,VNM,148.00,148.00,146.00,1078900.00
16/05/2016,146.00,VNM,144.00,147.00,144.00,656960.00
13/05/2016,144.00,VNM,145.00,146.00,144.00,329960.00
12/05/2016,145.00,VNM,146.00,147.00,144.00,402470.00
11/05/2016,146.00,VNM,143.00,146.00,143.00,444790.00
10/05/2016,143.00,VNM,143.00,144.00,142.00,357200.00
09/05/2016,144.00,VNM,146.00,147.00,143.00,1908180.00
06/05/2016,142.00,VNM,143.00,143.00,142.00,599150.00
05/05/2016,142.00,VNM,142.00,144.00,142.00,615970.00
04/05/2016,142.00,VNM,140.00,143.00,139.00,833130.00
29/04/2016,139.00,VNM,138.00,139.00,138.00,465510.00
28/04/2016,138.00,VNM,139.00,139.00,138.00,483970.00
27/04/2016,138.00,VNM,141.00,141.00,138.00,557430.00
26/04/2016,140.00,VNM,139.00,140.00,139.00,604360.00
25/04/2016,139.00,VNM,142.00,143.00,139.00,886480.00
22/04/2016,140.00,VNM,137.00,141.00,137.00,938560.00
21/04/2016,137.00,VNM,137.00,138.00,135.00,748780.00
20/04/2016,136.00,VNM,139.00,140.00,135.00,1698460.00
19/04/2016,139.00,VNM,143.00,144.00,139.00,1117610.00
15/04/2016,143.00,VNM,143.00,145.00,143.00,624610.00
14/04/2016,142.00,VNM,142.00,144.00,141.00,671070.00
13/04/2016,142.00,VNM,143.00,145.00,142.00,681500.00
12/04/2016,143.00,VNM,143.00,144.00,142.00,686480.00
11/04/2016,143.00,VNM,144.00,145.00,143.00,815800.00
08/04/2016,143.00,VNM,141.00,144.00,140.00,1047870.00
07/04/2016,141.00,VNM,137.00,142.00,136.00,2120080.00
06/04/2016,137.00,VNM,137.00,137.00,135.00,325000.00
05/04/2016,137.00,VNM,136.00,137.00,135.00,590930.00
04/04/2016,134.00,VNM,134.00,135.00,133.00,260660.00
01/04/2016,134.00,VNM,134.00,136.00,133.00,786790.00
31/03/2016,134.00,VNM,136.00,137.00,134.00,499710.00
30/03/2016,136.00,VNM,134.00,137.00,133.00,645090.00
29/03/2016,134.00,VNM,135.00,136.00,134.00,364550.00
28/03/2016,135.00,VNM,134.00,135.00,133.00,177060.00
25/03/2016,134.00,VNM,134.00,135.00,132.00,597170.00
24/03/2016,135.00,VNM,134.00,136.00,133.00,568030.00
23/03/2016,134.00,VNM,133.00,135.00,133.00,389980.00
22/03/2016,133.00,VNM,135.00,135.00,132.00,1036240.00
21/03/2016,135.00,VNM,137.00,139.00,135.00,539910.00
18/03/2016,138.00,VNM,137.00,138.00,137.00,335290.00
17/03/2016,138.00,VNM,137.00,140.00,137.00,739970.00
16/03/2016,137.00,VNM,136.00,138.00,135.00,376070.00
15/03/2016,136.00,VNM,135.00,138.00,134.00,870660.00
14/03/2016,135.00,VNM,136.00,137.00,134.00,440820.00
11/03/2016,136.00,VNM,130.00,136.00,130.00,2205510.00
10/03/2016,131.00,VNM,131.00,131.00,129.00,494890.00
09/03/2016,131.00,VNM,131.00,132.00,130.00,164840.00
08/03/2016,131.00,VNM,131.00,132.00,130.00,395200.00
07/03/2016,131.00,VNM,131.00,133.00,131.00,598820.00
04/03/2016,132.00,VNM,131.00,132.00,130.00,309870.00
03/03/2016,131.00,VNM,132.00,133.00,131.00,430930.00
02/03/2016,132.00,VNM,131.00,132.00,129.00,817420.00
01/03/2016,130.00,VNM,128.00,131.00,128.00,673510.00
29/02/2016,128.00,VNM,130.00,130.00,128.00,476190.00
26/02/2016,130.00,VNM,130.00,130.00,128.00,538020.00
25/02/2016,129.00,VNM,131.00,132.00,129.00,780490.00
24/02/2016,131.00,VNM,130.00,131.00,129.00,489650.00
23/02/2016,130.00,VNM,131.00,132.00,129.00,873310.00
22/02/2016,130.00,VNM,129.00,131.00,128.00,763080.00
19/02/2016,129.00,VNM,130.00,130.00,128.00,373060.00
18/02/2016,129.00,VNM,131.00,131.00,128.00,833000.00
17/02/2016,130.00,VNM,131.00,133.00,129.00,2003290.00
16/02/2016,128.00,VNM,128.00,129.00,127.00,622180.00
15/02/2016,126.00,VNM,122.00,126.00,122.00,473520.00
05/02/2016,124.00,VNM,122.00,124.00,122.00,204410.00
04/02/2016,122.00,VNM,123.00,124.00,122.00,257320.00
03/02/2016,121.00,VNM,118.00,121.00,118.00,269870.00
02/02/2016,119.00,VNM,119.00,121.00,118.00,251520.00
01/02/2016,119.00,VNM,117.00,120.00,116.00,865310.00
29/01/2016,116.00,VNM,116.00,117.00,115.00,178270.00
28/01/2016,116.00,VNM,116.00,118.00,116.00,249720.00
27/01/2016,117.00,VNM,116.00,117.00,115.00,276700.00
26/01/2016,115.00,VNM,116.00,117.00,114.00,289980.00
25/01/2016,118.00,VNM,116.00,118.00,115.00,325040.00
22/01/2016,114.00,VNM,116.00,117.00,112.00,716530.00
21/01/2016,116.00,VNM,116.00,118.00,115.00,333300.00
20/01/2016,117.00,VNM,118.00,119.00,117.00,313330.00
19/01/2016,119.00,VNM,116.00,119.00,116.00,375380.00
18/01/2016,117.00,VNM,119.00,119.00,114.00,1244120.00
15/01/2016,120.00,VNM,122.00,123.00,120.00,495560.00
14/01/2016,121.00,VNM,121.00,122.00,120.00,338870.00
13/01/2016,121.00,VNM,123.00,123.00,121.00,232630.00
12/01/2016,123.00,VNM,121.00,123.00,121.00,288070.00
11/01/2016,121.00,VNM,121.00,123.00,121.00,407320.00
08/01/2016,122.00,VNM,123.00,123.00,121.00,615950.00
07/01/2016,124.00,VNM,125.00,125.00,122.00,731010.00
06/01/2016,126.00,VNM,125.00,126.00,124.00,250760.00
05/01/2016,125.00,VNM,126.00,127.00,125.00,285680.00
04/01/2016,126.00,VNM,128.00,128.00,125.00,469320.00
31/12/2015,128.00,VNM,126.00,130.00,126.00,688500.00
30/12/2015,127.00,VNM,127.00,128.00,126.00,309040.00
29/12/2015,127.00,VNM,127.00,127.00,125.00,399590.00
28/12/2015,127.00,VNM,125.00,128.00,124.00,821730.00
25/12/2015,124.00,VNM,124.00,125.00,123.00,315630.00
24/12/2015,125.00,VNM,124.00,125.00,123.00,316110.00
23/12/2015,124.00,VNM,125.00,125.00,123.00,293550.00
22/12/2015,125.00,VNM,126.00,127.00,125.00,434910.00
21/12/2015,125.00,VNM,128.00,128.00,125.00,513240.00
18/12/2015,128.00,VNM,128.00,129.00,127.00,315940.00
17/12/2015,128.00,VNM,128.00,129.00,127.00,317610.00
16/12/2015,128.00,VNM,127.00,129.00,126.00,662390.00
15/12/2015,126.00,VNM,124.00,127.00,124.00,710870.00
14/12/2015,124.00,VNM,123.00,125.00,122.00,237100.00
11/12/2015,123.00,VNM,123.00,125.00,122.00,321070.00
10/12/2015,123.00,VNM,123.00,125.00,122.00,252320.00
09/12/2015,123.00,VNM,125.00,127.00,123.00,470630.00
08/12/2015,125.00,VNM,120.00,125.00,118.00,867200.00
07/12/2015,120.00,VNM,122.00,123.00,120.00,354390.00
04/12/2015,123.00,VNM,123.00,123.00,121.00,253990.00
03/12/2015,123.00,VNM,123.00,124.00,121.00,383750.00
02/12/2015,123.00,VNM,121.00,124.00,121.00,411960.00
01/12/2015,122.00,VNM,124.00,124.00,121.00,1100600.00
30/11/2015,124.00,VNM,125.00,126.00,123.00,840700.00
27/11/2015,124.00,VNM,123.00,127.00,123.00,1118240.00
26/11/2015,123.00,VNM,125.00,126.00,123.00,244790.00
25/11/2015,125.00,VNM,122.00,126.00,120.00,951140.00
24/11/2015,123.00,VNM,127.00,128.00,121.00,2567070.00
23/11/2015,127.00,VNM,133.00,133.00,126.00,1692040.00
20/11/2015,131.00,VNM,130.00,133.00,130.00,708850.00
19/11/2015,130.00,VNM,132.00,134.00,130.00,966290.00
18/11/2015,132.00,VNM,133.00,135.00,130.00,1392690.00
17/11/2015,134.00,VNM,140.00,140.00,133.00,1871240.00
16/11/2015,140.00,VNM,137.00,140.00,137.00,924150.00
13/11/2015,137.00,VNM,132.00,138.00,132.00,988430.00
12/11/2015,132.00,VNM,131.00,132.00,128.00,546030.00
11/11/2015,130.00,VNM,127.00,132.00,127.00,833270.00
10/11/2015,128.00,VNM,127.00,129.00,126.00,649930.00
09/11/2015,127.00,VNM,129.00,130.00,126.00,733490.00
06/11/2015,129.00,VNM,128.00,133.00,127.00,1660510.00
05/11/2015,128.00,VNM,124.00,129.00,123.00,922470.00
04/11/2015,123.00,VNM,124.00,125.00,123.00,444780.00
03/11/2015,123.00,VNM,121.00,124.00,119.00,2358440.00
02/11/2015,117.00,VNM,118.00,119.00,116.00,715500.00
30/10/2015,118.00,VNM,119.00,120.00,117.00,592790.00
29/10/2015,119.00,VNM,115.00,119.00,115.00,1151780.00
28/10/2015,114.00,VNM,115.00,116.00,114.00,366330.00
27/10/2015,114.00,VNM,114.00,115.00,113.00,393940.00
26/10/2015,113.00,VNM,116.00,117.00,113.00,766000.00
23/10/2015,115.00,VNM,114.00,115.00,113.00,571020.00
22/10/2015,114.00,VNM,112.00,114.00,112.00,496060.00
21/10/2015,113.00,VNM,111.00,114.00,111.00,725530.00
20/10/2015,112.00,VNM,112.00,115.00,111.00,1153180.00
19/10/2015,111.00,VNM,107.00,112.00,106.00,1296760.00
16/10/2015,106.00,VNM,105.00,108.00,105.00,850360.00
15/10/2015,105.00,VNM,106.00,106.00,104.00,416380.00
14/10/2015,106.00,VNM,106.00,109.00,105.00,2049450.00
13/10/2015,102.00,VNM,101.00,102.00,101.00,281090.00
12/10/2015,101.00,VNM,101.00,102.00,100.00,349150.00
09/10/2015,101.00,VNM,101.00,103.00,101.00,319980.00
08/10/2015,101.00,VNM,102.00,103.00,101.00,408300.00
07/10/2015,102.00,VNM,102.00,103.00,101.00,400070.00
06/10/2015,103.00,VNM,104.00,105.00,102.00,378660.00
05/10/2015,103.00,VNM,101.00,104.00,100.00,851310.00
02/10/2015,100.00,VNM,100.00,101.00,100.00,158180.00
01/10/2015,101.00,VNM,100.00,101.00,100.00,201320.00
30/09/2015,100.00,VNM,100.00,102.00,100.00,129690.00
29/09/2015,100.00,VNM,101.00,101.00,99.50,259210.00
28/09/2015,102.00,VNM,101.00,103.00,101.00,365490.00
25/09/2015,101.00,VNM,100.00,101.00,99.50,184590.00
24/09/2015,100.00,VNM,101.00,101.00,100.00,262400.00
23/09/2015,101.00,VNM,102.00,104.00,101.00,388170.00
22/09/2015,102.00,VNM,99.00,102.00,99.00,666280.00
21/09/2015,99.00,VNM,98.50,99.50,98.00,214630.00
18/09/2015,98.50,VNM,98.00,99.00,98.00,224860.00
17/09/2015,97.50,VNM,97.50,98.00,97.00,263860.00
16/09/2015,97.50,VNM,97.50,98.00,97.00,163800.00
15/09/2015,97.50,VNM,97.50,98.50,97.00,290770.00
14/09/2015,97.50,VNM,98.00,98.50,97.50,148920.00
11/09/2015,98.50,VNM,99.50,100.00,98.50,142810.00
10/09/2015,99.50,VNM,98.00,100.00,97.50,273840.00
09/09/2015,97.50,VNM,98.00,98.00,97.00,188690.00
08/09/2015,97.00,VNM,96.50,98.00,96.50,367250.00
07/09/2015,97.00,VNM,98.00,98.50,97.00,338230.00
04/09/2015,98.50,VNM,99.00,99.00,98.00,137720.00
03/09/2015,99.00,VNM,99.50,100.00,98.00,262480.00
01/09/2015,99.50,VNM,100.00,101.00,99.50,296390.00
31/08/2015,100.00,VNM,101.00,103.00,99.50,296400.00
28/08/2015,101.00,VNM,100.00,101.00,99.00,451290.00
27/08/2015,99.50,VNM,101.00,101.00,99.00,254220.00
26/08/2015,100.00,VNM,96.50,101.00,96.50,484130.00
25/08/2015,96.00,VNM,92.00,98.50,92.00,799280.00
24/08/2015,94.50,VNM,99.50,99.50,94.00,1180510.00
21/08/2015,101.00,VNM,100.00,101.00,98.00,696170.00
20/08/2015,102.00,VNM,103.00,104.00,102.00,282500.00
19/08/2015,104.00,VNM,102.00,104.00,101.00,387520.00
18/08/2015,103.00,VNM,103.00,104.00,101.00,510930.00
17/08/2015,103.00,VNM,105.00,105.00,102.00,387090.00
14/08/2015,105.00,VNM,105.00,107.00,104.00,471740.00
13/08/2015,105.00,VNM,103.00,105.00,102.00,612320.00
12/08/2015,103.00,VNM,104.00,105.00,102.00,714920.00
11/08/2015,105.00,VNM,108.00,109.00,105.00,438130.00
10/08/2015,107.00,VNM,102.00,107.00,102.00,954290.00
07/08/2015,100.00,VNM,97.50,100.00,97.00,609920.00
06/08/2015,97.00,VNM,96.50,98.50,96.00,492470.00
05/08/2015,96.00,VNM,95.00,96.50,95.00,433800.00
04/08/2015,117.00,VNM,119.00,119.00,117.00,502300.00
03/08/2015,119.00,VNM,120.00,120.00,118.00,270000.00
31/07/2015,120.00,VNM,119.00,121.00,118.00,403180.00
30/07/2015,119.00,VNM,121.00,121.00,119.00,220450.00
29/07/2015,121.00,VNM,121.00,122.00,120.00,275430.00
28/07/2015,121.00,VNM,122.00,123.00,121.00,341670.00
27/07/2015,122.00,VNM,121.00,122.00,120.00,325470.00
24/07/2015,122.00,VNM,123.00,123.00,121.00,406120.00
23/07/2015,122.00,VNM,120.00,124.00,120.00,1141320.00
22/07/2015,119.00,VNM,117.00,119.00,116.00,490550.00
21/07/2015,117.00,VNM,116.00,117.00,116.00,107860.00
20/07/2015,116.00,VNM,117.00,117.00,115.00,189980.00
17/07/2015,117.00,VNM,117.00,118.00,116.00,304130.00
16/07/2015,117.00,VNM,118.00,118.00,116.00,272910.00
15/07/2015,118.00,VNM,118.00,119.00,117.00,363400.00
14/07/2015,118.00,VNM,117.00,118.00,116.00,311610.00
13/07/2015,117.00,VNM,117.00,117.00,116.00,735240.00
10/07/2015,115.00,VNM,115.00,116.00,114.00,178760.00
09/07/2015,115.00,VNM,114.00,116.00,114.00,171970.00
08/07/2015,115.00,VNM,117.00,117.00,114.00,271740.00
07/07/2015,117.00,VNM,116.00,117.00,115.00,218990.00
06/07/2015,116.00,VNM,115.00,118.00,115.00,634580.00
03/07/2015,115.00,VNM,114.00,115.00,113.00,138790.00
02/07/2015,114.00,VNM,114.00,115.00,113.00,158820.00
01/07/2015,114.00,VNM,113.00,115.00,113.00,365250.00
30/06/2015,113.00,VNM,113.00,114.00,112.00,370020.00
29/06/2015,114.00,VNM,114.00,115.00,113.00,310320.00
26/06/2015,114.00,VNM,110.00,116.00,110.00,1019860.00
25/06/2015,111.00,VNM,109.00,111.00,108.00,258240.00
24/06/2015,109.00,VNM,110.00,111.00,109.00,245100.00
23/06/2015,111.00,VNM,112.00,113.00,110.00,251260.00
22/06/2015,112.00,VNM,108.00,112.00,108.00,736130.00
19/06/2015,107.00,VNM,107.00,108.00,106.00,499620.00
18/06/2015,106.00,VNM,105.00,106.00,105.00,117570.00
17/06/2015,105.00,VNM,105.00,106.00,104.00,101620.00
16/06/2015,105.00,VNM,106.00,106.00,104.00,74940.00
15/06/2015,106.00,VNM,105.00,106.00,105.00,39900.00
12/06/2015,106.00,VNM,106.00,107.00,105.00,86640.00
11/06/2015,108.00,VNM,107.00,108.00,107.00,144380.00
10/06/2015,107.00,VNM,107.00,108.00,106.00,59460.00
09/06/2015,107.00,VNM,108.00,108.00,107.00,64760.00
08/06/2015,108.00,VNM,107.00,108.00,107.00,63350.00
05/06/2015,107.00,VNM,107.00,108.00,106.00,72050.00
04/06/2015,107.00,VNM,106.00,108.00,106.00,89660.00
03/06/2015,106.00,VNM,106.00,107.00,105.00,115560.00
02/06/2015,106.00,VNM,106.00,106.00,105.00,30810.00
01/06/2015,106.00,VNM,106.00,107.00,105.00,124300.00
29/05/2015,105.00,VNM,106.00,106.00,105.00,54090.00
28/05/2015,106.00,VNM,105.00,106.00,105.00,40000.00
27/05/2015,106.00,VNM,105.00,106.00,105.00,59630.00
26/05/2015,106.00,VNM,106.00,106.00,105.00,96200.00
25/05/2015,106.00,VNM,107.00,107.00,105.00,98370.00
22/05/2015,107.00,VNM,106.00,107.00,106.00,46510.00
21/05/2015,106.00,VNM,107.00,107.00,105.00,70130.00
20/05/2015,107.00,VNM,104.00,107.00,104.00,183590.00
19/05/2015,105.00,VNM,104.00,105.00,104.00,46220.00
18/05/2015,105.00,VNM,104.00,105.00,103.00,88910.00
15/05/2015,105.00,VNM,105.00,106.00,104.00,98340.00
14/05/2015,105.00,VNM,105.00,106.00,104.00,90950.00
13/05/2015,105.00,VNM,105.00,106.00,105.00,45230.00
12/05/2015,105.00,VNM,106.00,107.00,105.00,59710.00
11/05/2015,106.00,VNM,106.00,107.00,105.00,86210.00
08/05/2015,106.00,VNM,106.00,107.00,106.00,72340.00
07/05/2015,106.00,VNM,106.00,108.00,105.00,99090.00
06/05/2015,106.00,VNM,106.00,107.00,105.00,118270.00
05/05/2015,106.00,VNM,106.00,106.00,104.00,212020.00
04/05/2015,106.00,VNM,107.00,108.00,106.00,161370.00
27/04/2015,108.00,VNM,109.00,109.00,108.00,75170.00
24/04/2015,109.00,VNM,109.00,109.00,108.00,136810.00
23/04/2015,108.00,VNM,108.00,109.00,108.00,48320.00
22/04/2015,108.00,VNM,108.00,109.00,107.00,45490.00
21/04/2015,108.00,VNM,108.00,109.00,107.00,45020.00
20/04/2015,108.00,VNM,109.00,109.00,107.00,131470.00
17/04/2015,108.00,VNM,108.00,109.00,108.00,60780.00
16/04/2015,108.00,VNM,109.00,109.00,108.00,70620.00
15/04/2015,109.00,VNM,110.00,110.00,108.00,128590.00
14/04/2015,110.00,VNM,111.00,111.00,109.00,200810.00
13/04/2015,110.00,VNM,110.00,111.00,108.00,275880.00
10/04/2015,108.00,VNM,106.00,109.00,106.00,232440.00
09/04/2015,106.00,VNM,106.00,107.00,106.00,74090.00
08/04/2015,106.00,VNM,106.00,107.00,106.00,146070.00
07/04/2015,106.00,VNM,104.00,106.00,104.00,115100.00
06/04/2015,104.00,VNM,105.00,106.00,104.00,85560.00
03/04/2015,105.00,VNM,105.00,106.00,104.00,56560.00
02/04/2015,106.00,VNM,104.00,106.00,104.00,97120.00
01/04/2015,105.00,VNM,106.00,106.00,104.00,151380.00
31/03/2015,106.00,VNM,105.00,106.00,104.00,92160.00
30/03/2015,105.00,VNM,106.00,106.00,104.00,71360.00
27/03/2015,105.00,VNM,106.00,107.00,105.00,80360.00
26/03/2015,107.00,VNM,106.00,107.00,105.00,97830.00
25/03/2015,107.00,VNM,107.00,107.00,105.00,91770.00
24/03/2015,107.00,VNM,107.00,107.00,106.00,95440.00
23/03/2015,107.00,VNM,107.00,108.00,106.00,111710.00
20/03/2015,107.00,VNM,107.00,108.00,107.00,81770.00
19/03/2015,108.00,VNM,108.00,109.00,107.00,116820.00
18/03/2015,109.00,VNM,108.00,109.00,108.00,86590.00
17/03/2015,109.00,VNM,109.00,109.00,108.00,68270.00
16/03/2015,109.00,VNM,108.00,109.00,108.00,153740.00
13/03/2015,108.00,VNM,108.00,109.00,107.00,163620.00
12/03/2015,109.00,VNM,108.00,109.00,107.00,130340.00
11/03/2015,108.00,VNM,108.00,109.00,107.00,163880.00
10/03/2015,108.00,VNM,107.00,108.00,107.00,144290.00
09/03/2015,107.00,VNM,107.00,108.00,107.00,70350.00
06/03/2015,107.00,VNM,108.00,109.00,107.00,114590.00
05/03/2015,108.00,VNM,109.00,109.00,107.00,91750.00
04/03/2015,109.00,VNM,108.00,109.00,107.00,74470.00
03/03/2015,108.00,VNM,107.00,108.00,106.00,115960.00
02/03/2015,107.00,VNM,108.00,109.00,107.00,103370.00
27/02/2015,108.00,VNM,109.00,109.00,107.00,83040.00
26/02/2015,108.00,VNM,109.00,110.00,108.00,157380.00
25/02/2015,109.00,VNM,107.00,109.00,107.00,175760.00
24/02/2015,107.00,VNM,106.00,107.00,106.00,103010.00
13/02/2015,106.00,VNM,105.00,106.00,104.00,145600.00
12/02/2015,105.00,VNM,104.00,105.00,104.00,58830.00
11/02/2015,105.00,VNM,103.00,105.00,103.00,185920.00
10/02/2015,103.00,VNM,103.00,104.00,103.00,77410.00
09/02/2015,104.00,VNM,103.00,104.00,102.00,97400.00
06/02/2015,103.00,VNM,103.00,104.00,103.00,49540.00
05/02/2015,103.00,VNM,103.00,105.00,102.00,155580.00
04/02/2015,103.00,VNM,101.00,103.00,100.00,97720.00
03/02/2015,101.00,VNM,103.00,104.00,101.00,172560.00
02/02/2015,103.00,VNM,104.00,105.00,103.00,87980.00
30/01/2015,104.00,VNM,104.00,105.00,103.00,145680.00
29/01/2015,105.00,VNM,101.00,105.00,101.00,402090.00
28/01/2015,101.00,VNM,101.00,103.00,101.00,82050.00
27/01/2015,102.00,VNM,99.50,104.00,99.50,259390.00
26/01/2015,99.50,VNM,100.00,101.00,99.50,115330.00
23/01/2015,100.00,VNM,100.00,101.00,99.00,82550.00
22/01/2015,99.50,VNM,100.00,101.00,99.50,42690.00
21/01/2015,100.00,VNM,101.00,102.00,99.50,80930.00
20/01/2015,100.00,VNM,98.50,101.00,98.50,70940.00
19/01/2015,99.50,VNM,100.00,100.00,99.00,60950.00
16/01/2015,100.00,VNM,100.00,100.00,99.50,33740.00
15/01/2015,100.00,VNM,101.00,101.00,99.50,86090.00
14/01/2015,101.00,VNM,103.00,103.00,100.00,87550.00
13/01/2015,102.00,VNM,100.00,102.00,99.50,84550.00
12/01/2015,100.00,VNM,103.00,103.00,100.00,148470.00
09/01/2015,103.00,VNM,99.50,103.00,99.00,290390.00
08/01/2015,98.50,VNM,98.00,99.00,97.50,70650.00
07/01/2015,98.00,VNM,96.00,98.50,96.00,194130.00
06/01/2015,96.00,VNM,96.00,97.00,95.00,100890.00
05/01/2015,96.00,VNM,96.00,96.50,95.50,70290.00
31/12/2014,95.50,VNM,95.00,95.50,94.50,102210.00
30/12/2014,94.00,VNM,94.00,94.00,93.00,50370.00
29/12/2014,94.00,VNM,94.00,94.50,93.00,97060.00
26/12/2014,94.00,VNM,95.00,95.00,93.50,109890.00
25/12/2014,94.50,VNM,94.50,96.00,94.00,89620.00
24/12/2014,95.00,VNM,96.00,96.00,94.50,79670.00
23/12/2014,95.50,VNM,94.50,98.50,93.00,245020.00
22/12/2014,93.50,VNM,94.00,94.00,93.00,90260.00
19/12/2014,94.00,VNM,94.00,94.50,92.50,135270.00
18/12/2014,94.00,VNM,92.50,94.00,92.50,103250.00
17/12/2014,92.50,VNM,97.50,98.00,92.50,232620.00
16/12/2014,97.50,VNM,98.50,98.50,97.00,92140.00
15/12/2014,98.50,VNM,99.00,99.00,98.50,46150.00
12/12/2014,99.00,VNM,98.50,99.00,98.50,36450.00
11/12/2014,99.00,VNM,98.50,99.00,98.00,27620.00
10/12/2014,99.00,VNM,99.00,99.00,98.00,51450.00
09/12/2014,98.50,VNM,99.50,100.00,98.50,153170.00
08/12/2014,99.50,VNM,100.00,100.00,99.50,46290.00
05/12/2014,99.50,VNM,100.00,101.00,99.50,48030.00
04/12/2014,101.00,VNM,100.00,101.00,99.50,54480.00
03/12/2014,100.00,VNM,99.50,100.00,99.50,29930.00
02/12/2014,99.50,VNM,99.50,100.00,99.50,40720.00
01/12/2014,99.50,VNM,98.50,99.50,98.00,50300.00
28/11/2014,99.00,VNM,99.00,99.50,98.50,111560.00
27/11/2014,99.50,VNM,100.00,100.00,99.00,90390.00
26/11/2014,100.00,VNM,100.00,101.00,99.00,76560.00
25/11/2014,100.00,VNM,100.00,101.00,100.00,91590.00
24/11/2014,100.00,VNM,101.00,101.00,99.50,93240.00
21/11/2014,101.00,VNM,101.00,102.00,101.00,73130.00
20/11/2014,101.00,VNM,102.00,102.00,101.00,78550.00
19/11/2014,101.00,VNM,103.00,104.00,101.00,136680.00
18/11/2014,103.00,VNM,104.00,104.00,103.00,98550.00
17/11/2014,104.00,VNM,104.00,105.00,103.00,87210.00
14/11/2014,104.00,VNM,104.00,105.00,103.00,113180.00
13/11/2014,104.00,VNM,105.00,105.00,104.00,68060.00
12/11/2014,104.00,VNM,105.00,105.00,104.00,64430.00
11/11/2014,104.00,VNM,105.00,105.00,104.00,82660.00
10/11/2014,104.00,VNM,105.00,105.00,104.00,105440.00
07/11/2014,104.00,VNM,104.00,105.00,104.00,90070.00
06/11/2014,104.00,VNM,104.00,105.00,104.00,57790.00
05/11/2014,104.00,VNM,104.00,105.00,103.00,163990.00
04/11/2014,105.00,VNM,105.00,106.00,105.00,134860.00
03/11/2014,105.00,VNM,105.00,106.00,105.00,81050.00
31/10/2014,105.00,VNM,104.00,105.00,104.00,35750.00
30/10/2014,104.00,VNM,104.00,105.00,104.00,49530.00
29/10/2014,104.00,VNM,104.00,105.00,102.00,238380.00
28/10/2014,103.00,VNM,104.00,105.00,103.00,110280.00
27/10/2014,104.00,VNM,105.00,106.00,104.00,131430.00
24/10/2014,106.00,VNM,107.00,107.00,105.00,95410.00
23/10/2014,107.00,VNM,107.00,108.00,106.00,149160.00
22/10/2014,107.00,VNM,107.00,108.00,106.00,92200.00
21/10/2014,107.00,VNM,106.00,108.00,105.00,172480.00
20/10/2014,106.00,VNM,107.00,107.00,105.00,63930.00
17/10/2014,107.00,VNM,105.00,107.00,104.00,147420.00
16/10/2014,105.00,VNM,107.00,108.00,105.00,292800.00
15/10/2014,106.00,VNM,108.00,108.00,106.00,201610.00
14/10/2014,108.00,VNM,109.00,109.00,108.00,106900.00
13/10/2014,109.00,VNM,109.00,110.00,108.00,89590.00
10/10/2014,110.00,VNM,110.00,110.00,108.00,136560.00
09/10/2014,110.00,VNM,110.00,112.00,109.00,212200.00
08/10/2014,110.00,VNM,106.00,112.00,106.00,424990.00
07/10/2014,106.00,VNM,107.00,107.00,106.00,129900.00
06/10/2014,107.00,VNM,106.00,107.00,105.00,259250.00
03/10/2014,107.00,VNM,107.00,108.00,106.00,195200.00
02/10/2014,108.00,VNM,107.00,108.00,106.00,87900.00
01/10/2014,107.00,VNM,106.00,108.00,105.00,166100.00
30/09/2014,105.00,VNM,105.00,106.00,104.00,217550.00
29/09/2014,105.00,VNM,106.00,106.00,105.00,84300.00
26/09/2014,106.00,VNM,106.00,107.00,105.00,112450.00
25/09/2014,106.00,VNM,106.00,107.00,105.00,114700.00
24/09/2014,106.00,VNM,107.00,108.00,106.00,60730.00
23/09/2014,108.00,VNM,107.00,108.00,107.00,127910.00
22/09/2014,108.00,VNM,106.00,109.00,106.00,138640.00
19/09/2014,106.00,VNM,106.00,107.00,106.00,61020.00
18/09/2014,107.00,VNM,107.00,108.00,106.00,165280.00
17/09/2014,107.00,VNM,108.00,109.00,107.00,100720.00
16/09/2014,108.00,VNM,108.00,109.00,107.00,81710.00
15/09/2014,108.00,VNM,109.00,109.00,107.00,229470.00
12/09/2014,109.00,VNM,109.00,110.00,108.00,95110.00
11/09/2014,109.00,VNM,109.00,110.00,108.00,82750.00
10/09/2014,109.00,VNM,109.00,110.00,108.00,180560.00
09/09/2014,110.00,VNM,111.00,112.00,108.00,326820.00
08/09/2014,111.00,VNM,111.00,112.00,110.00,219940.00
05/09/2014,111.00,VNM,112.00,112.00,111.00,255710.00
04/09/2014,111.00,VNM,112.00,113.00,111.00,64370.00
03/09/2014,112.00,VNM,112.00,113.00,111.00,172300.00
29/08/2014,111.00,VNM,111.00,112.00,111.00,120030.00
28/08/2014,111.00,VNM,112.00,113.00,111.00,178150.00
27/08/2014,112.00,VNM,113.00,113.00,112.00,89690.00
26/08/2014,112.00,VNM,113.00,114.00,112.00,202450.00
25/08/2014,112.00,VNM,113.00,114.00,112.00,376100.00
22/08/2014,113.00,VNM,113.00,114.00,112.00,236600.00
21/08/2014,113.00,VNM,113.00,114.00,112.00,173720.00
20/08/2014,112.00,VNM,113.00,114.00,112.00,215940.00
19/08/2014,114.00,VNM,114.00,115.00,113.00,244000.00
18/08/2014,115.00,VNM,116.00,116.00,114.00,207280.00
15/08/2014,116.00,VNM,116.00,117.00,115.00,237860.00
14/08/2014,116.00,VNM,114.00,116.00,114.00,444600.00
13/08/2014,114.00,VNM,113.00,117.00,113.00,742340.00
12/08/2014,137.00,VNM,137.00,138.00,136.00,265420.00
11/08/2014,138.00,VNM,140.00,140.00,138.00,255340.00
08/08/2014,140.00,VNM,140.00,141.00,139.00,273930.00
07/08/2014,140.00,VNM,138.00,140.00,138.00,247390.00
06/08/2014,138.00,VNM,138.00,138.00,137.00,60980.00
05/08/2014,137.00,VNM,137.00,138.00,136.00,100530.00
04/08/2014,137.00,VNM,135.00,137.00,135.00,104770.00
01/08/2014,135.00,VNM,135.00,136.00,135.00,130160.00
31/07/2014,136.00,VNM,136.00,136.00,135.00,88370.00
30/07/2014,135.00,VNM,136.00,136.00,134.00,110970.00
29/07/2014,136.00,VNM,136.00,137.00,135.00,119310.00
28/07/2014,135.00,VNM,135.00,136.00,133.00,224320.00
25/07/2014,136.00,VNM,137.00,137.00,136.00,153460.00
24/07/2014,137.00,VNM,136.00,138.00,136.00,135470.00
23/07/2014,136.00,VNM,137.00,137.00,135.00,262350.00
22/07/2014,137.00,VNM,138.00,139.00,136.00,160470.00
21/07/2014,139.00,VNM,135.00,139.00,134.00,703510.00
18/07/2014,133.00,VNM,129.00,134.00,129.00,461270.00
17/07/2014,129.00,VNM,128.00,129.00,128.00,77000.00
16/07/2014,129.00,VNM,130.00,130.00,129.00,183090.00
15/07/2014,129.00,VNM,128.00,130.00,128.00,111170.00
14/07/2014,128.00,VNM,127.00,128.00,127.00,103120.00
11/07/2014,127.00,VNM,127.00,128.00,126.00,61470.00
10/07/2014,127.00,VNM,128.00,129.00,126.00,170560.00
09/07/2014,128.00,VNM,128.00,129.00,127.00,115540.00
08/07/2014,129.00,VNM,128.00,129.00,127.00,159400.00
07/07/2014,129.00,VNM,130.00,131.00,128.00,172450.00
04/07/2014,130.00,VNM,128.00,131.00,128.00,468050.00
03/07/2014,127.00,VNM,126.00,127.00,125.00,175410.00
02/07/2014,125.00,VNM,122.00,126.00,122.00,266720.00
01/07/2014,122.00,VNM,123.00,123.00,122.00,96620.00
30/06/2014,122.00,VNM,122.00,123.00,121.00,62820.00
27/06/2014,122.00,VNM,123.00,123.00,122.00,69240.00
26/06/2014,123.00,VNM,122.00,123.00,122.00,80110.00
25/06/2014,122.00,VNM,122.00,123.00,121.00,92390.00
24/06/2014,121.00,VNM,121.00,122.00,121.00,56020.00
23/06/2014,121.00,VNM,121.00,122.00,121.00,53690.00
20/06/2014,121.00,VNM,122.00,122.00,121.00,82380.00
19/06/2014,121.00,VNM,121.00,122.00,121.00,95070.00
18/06/2014,122.00,VNM,122.00,123.00,121.00,97760.00
17/06/2014,122.00,VNM,122.00,123.00,122.00,174680.00
16/06/2014,122.00,VNM,122.00,123.00,122.00,49920.00
13/06/2014,122.00,VNM,124.00,124.00,122.00,140310.00
12/06/2014,123.00,VNM,122.00,123.00,122.00,105560.00
11/06/2014,122.00,VNM,123.00,123.00,121.00,197300.00
10/06/2014,122.00,VNM,123.00,124.00,122.00,159700.00
09/06/2014,124.00,VNM,124.00,125.00,123.00,167320.00
06/06/2014,124.00,VNM,124.00,124.00,123.00,31640.00
05/06/2014,124.00,VNM,125.00,125.00,122.00,85820.00
04/06/2014,124.00,VNM,124.00,125.00,123.00,182950.00
03/06/2014,124.00,VNM,124.00,125.00,123.00,67150.00
02/06/2014,124.00,VNM,123.00,125.00,122.00,145600.00
30/05/2014,123.00,VNM,123.00,125.00,123.00,138880.00
29/05/2014,123.00,VNM,122.00,124.00,122.00,77340.00
28/05/2014,123.00,VNM,124.00,125.00,122.00,109830.00
27/05/2014,124.00,VNM,124.00,125.00,122.00,155960.00
26/05/2014,123.00,VNM,125.00,125.00,123.00,106630.00
23/05/2014,125.00,VNM,126.00,127.00,125.00,76260.00
22/05/2014,126.00,VNM,125.00,128.00,125.00,205250.00
21/05/2014,125.00,VNM,123.00,125.00,123.00,117900.00
20/05/2014,123.00,VNM,122.00,124.00,121.00,141870.00
19/05/2014,122.00,VNM,121.00,123.00,120.00,165780.00
16/05/2014,121.00,VNM,120.00,122.00,119.00,220610.00
15/05/2014,120.00,VNM,122.00,125.00,119.00,303320.00
14/05/2014,124.00,VNM,119.00,124.00,119.00,283680.00
13/05/2014,121.00,VNM,124.00,125.00,121.00,235060.00
12/05/2014,124.00,VNM,130.00,130.00,122.00,444150.00
09/05/2014,130.00,VNM,126.00,131.00,125.00,255360.00
08/05/2014,125.00,VNM,133.00,133.00,125.00,866350.00
07/05/2014,134.00,VNM,134.00,136.00,133.00,96260.00
06/05/2014,133.00,VNM,137.00,137.00,132.00,271300.00
05/05/2014,137.00,VNM,139.00,139.00,136.00,264620.00
29/04/2014,139.00,VNM,138.00,140.00,138.00,80990.00
28/04/2014,139.00,VNM,140.00,140.00,139.00,157990.00
25/04/2014,141.00,VNM,140.00,142.00,139.00,162140.00
24/04/2014,139.00,VNM,139.00,140.00,138.00,148570.00
23/04/2014,139.00,VNM,140.00,140.00,139.00,73720.00
22/04/2014,140.00,VNM,140.00,140.00,138.00,160270.00
21/04/2014,139.00,VNM,140.00,140.00,139.00,254000.00
18/04/2014,140.00,VNM,141.00,141.00,139.00,252270.00
17/04/2014,141.00,VNM,141.00,142.00,140.00,197770.00
16/04/2014,141.00,VNM,141.00,142.00,139.00,267480.00
15/04/2014,141.00,VNM,142.00,143.00,140.00,343490.00
14/04/2014,142.00,VNM,143.00,144.00,142.00,376180.00
11/04/2014,143.00,VNM,143.00,145.00,142.00,200970.00
10/04/2014,144.00,VNM,147.00,148.00,144.00,415430.00
08/04/2014,147.00,VNM,148.00,149.00,147.00,284200.00
07/04/2014,148.00,VNM,149.00,150.00,147.00,761320.00
04/04/2014,145.00,VNM,144.00,145.00,143.00,359580.00
03/04/2014,144.00,VNM,141.00,145.00,141.00,277300.00
02/04/2014,141.00,VNM,141.00,142.00,140.00,209510.00
01/04/2014,141.00,VNM,142.00,142.00,140.00,181570.00
31/03/2014,141.00,VNM,142.00,143.00,141.00,175880.00
28/03/2014,141.00,VNM,140.00,142.00,140.00,208560.00
27/03/2014,140.00,VNM,141.00,141.00,139.00,273480.00
26/03/2014,140.00,VNM,142.00,143.00,139.00,495510.00
25/03/2014,142.00,VNM,143.00,144.00,142.00,328350.00
24/03/2014,143.00,VNM,145.00,146.00,143.00,446980.00
21/03/2014,144.00,VNM,143.00,145.00,143.00,243070.00
20/03/2014,143.00,VNM,146.00,147.00,143.00,441220.00
19/03/2014,146.00,VNM,147.00,148.00,145.00,348960.00
18/03/2014,147.00,VNM,148.00,148.00,146.00,441500.00
17/03/2014,148.00,VNM,150.00,151.00,147.00,396390.00
14/03/2014,150.00,VNM,147.00,152.00,146.00,797290.00
13/03/2014,146.00,VNM,141.00,146.00,141.00,1007020.00
12/03/2014,141.00,VNM,140.00,143.00,140.00,745520.00
11/03/2014,140.00,VNM,140.00,141.00,139.00,318340.00
10/03/2014,140.00,VNM,139.00,141.00,139.00,197440.00
07/03/2014,139.00,VNM,139.00,140.00,138.00,112590.00
06/03/2014,139.00,VNM,139.00,140.00,138.00,265540.00
05/03/2014,139.00,VNM,140.00,140.00,139.00,117520.00
04/03/2014,139.00,VNM,140.00,141.00,139.00,201430.00
03/03/2014,141.00,VNM,141.00,141.00,139.00,160300.00
28/02/2014,141.00,VNM,143.00,143.00,141.00,192120.00
27/02/2014,142.00,VNM,139.00,144.00,138.00,1220670.00
26/02/2014,139.00,VNM,139.00,139.00,138.00,138990.00
25/02/2014,139.00,VNM,139.00,140.00,138.00,301230.00
24/02/2014,139.00,VNM,138.00,140.00,138.00,172070.00
21/02/2014,138.00,VNM,138.00,140.00,137.00,242430.00
20/02/2014,138.00,VNM,139.00,140.00,138.00,340300.00
19/02/2014,139.00,VNM,140.00,141.00,139.00,226230.00
18/02/2014,140.00,VNM,140.00,141.00,139.00,223130.00
17/02/2014,140.00,VNM,140.00,141.00,139.00,151080.00
14/02/2014,140.00,VNM,140.00,142.00,139.00,303460.00
13/02/2014,139.00,VNM,141.00,141.00,139.00,146350.00
12/02/2014,140.00,VNM,139.00,140.00,139.00,87930.00
11/02/2014,139.00,VNM,139.00,141.00,139.00,263880.00
10/02/2014,140.00,VNM,140.00,140.00,138.00,206320.00
07/02/2014,140.00,VNM,140.00,141.00,139.00,241230.00
06/02/2014,140.00,VNM,141.00,142.00,140.00,177090.00
27/01/2014,141.00,VNM,142.00,142.00,140.00,112900.00
24/01/2014,142.00,VNM,141.00,143.00,141.00,261110.00
23/01/2014,141.00,VNM,140.00,142.00,140.00,107370.00
22/01/2014,140.00,VNM,142.00,142.00,139.00,318980.00
21/01/2014,141.00,VNM,142.00,142.00,140.00,99710.00
20/01/2014,142.00,VNM,139.00,145.00,139.00,517140.00
17/01/2014,139.00,VNM,137.00,141.00,137.00,540090.00
16/01/2014,137.00,VNM,138.00,138.00,137.00,74730.00
15/01/2014,138.00,VNM,138.00,138.00,136.00,114260.00
14/01/2014,137.00,VNM,137.00,138.00,136.00,92090.00
13/01/2014,137.00,VNM,137.00,138.00,137.00,61380.00
10/01/2014,138.00,VNM,136.00,139.00,136.00,202890.00
09/01/2014,136.00,VNM,136.00,136.00,135.00,31100.00
08/01/2014,136.00,VNM,135.00,136.00,135.00,38900.00
07/01/2014,135.00,VNM,136.00,136.00,135.00,105870.00
06/01/2014,136.00,VNM,135.00,136.00,135.00,77090.00
03/01/2014,136.00,VNM,135.00,136.00,135.00,30700.00
02/01/2014,135.00,VNM,135.00,137.00,135.00,32520.00
31/12/2013,135.00,VNM,135.00,137.00,134.00,196990.00
30/12/2013,135.00,VNM,136.00,137.00,135.00,137570.00
27/12/2013,136.00,VNM,135.00,137.00,135.00,70280.00
26/12/2013,135.00,VNM,136.00,137.00,135.00,209560.00
25/12/2013,136.00,VNM,137.00,137.00,135.00,241460.00
24/12/2013,137.00,VNM,138.00,139.00,137.00,102300.00
23/12/2013,138.00,VNM,138.00,139.00,137.00,82920.00
20/12/2013,139.00,VNM,139.00,139.00,138.00,75570.00
19/12/2013,139.00,VNM,139.00,139.00,138.00,73390.00
18/12/2013,138.00,VNM,139.00,139.00,138.00,125480.00
17/12/2013,139.00,VNM,140.00,140.00,138.00,81460.00
16/12/2013,139.00,VNM,139.00,140.00,139.00,44500.00
13/12/2013,140.00,VNM,141.00,141.00,139.00,58920.00
12/12/2013,140.00,VNM,140.00,141.00,140.00,65110.00
11/12/2013,141.00,VNM,140.00,141.00,139.00,184110.00
10/12/2013,140.00,VNM,139.00,140.00,138.00,117220.00
09/12/2013,139.00,VNM,140.00,141.00,139.00,307050.00
06/12/2013,141.00,VNM,142.00,142.00,141.00,39840.00
05/12/2013,142.00,VNM,140.00,142.00,140.00,186610.00
04/12/2013,141.00,VNM,142.00,142.00,141.00,164430.00
03/12/2013,142.00,VNM,141.00,143.00,141.00,238710.00
02/12/2013,141.00,VNM,142.00,142.00,141.00,167110.00
29/11/2013,142.00,VNM,142.00,143.00,140.00,295470.00
28/11/2013,142.00,VNM,144.00,144.00,142.00,268280.00
27/11/2013,144.00,VNM,146.00,146.00,144.00,225960.00
26/11/2013,144.00,VNM,141.00,145.00,140.00,796250.00
25/11/2013,141.00,VNM,141.00,141.00,140.00,84960.00
22/11/2013,141.00,VNM,141.00,142.00,140.00,107010.00
21/11/2013,141.00,VNM,142.00,142.00,140.00,189120.00
20/11/2013,141.00,VNM,141.00,142.00,141.00,82750.00
19/11/2013,142.00,VNM,142.00,143.00,141.00,117700.00
18/11/2013,142.00,VNM,141.00,142.00,141.00,118030.00
15/11/2013,141.00,VNM,139.00,142.00,139.00,328520.00
14/11/2013,139.00,VNM,139.00,140.00,139.00,90640.00
13/11/2013,139.00,VNM,139.00,139.00,138.00,60090.00
12/11/2013,139.00,VNM,139.00,140.00,138.00,104860.00
11/11/2013,139.00,VNM,139.00,140.00,139.00,72900.00
08/11/2013,139.00,VNM,139.00,141.00,139.00,150620.00
07/11/2013,140.00,VNM,140.00,141.00,139.00,143750.00
06/11/2013,141.00,VNM,141.00,141.00,140.00,181420.00
05/11/2013,141.00,VNM,140.00,141.00,140.00,50920.00
04/11/2013,140.00,VNM,140.00,141.00,140.00,70800.00
01/11/2013,140.00,VNM,141.00,141.00,140.00,68120.00
31/10/2013,140.00,VNM,141.00,142.00,140.00,78480.00
30/10/2013,141.00,VNM,141.00,141.00,140.00,43600.00
29/10/2013,141.00,VNM,141.00,142.00,139.00,272690.00
28/10/2013,141.00,VNM,142.00,143.00,141.00,55650.00
25/10/2013,142.00,VNM,143.00,144.00,142.00,107840.00
24/10/2013,142.00,VNM,141.00,144.00,141.00,428810.00
23/10/2013,141.00,VNM,142.00,142.00,141.00,35240.00
22/10/2013,141.00,VNM,142.00,142.00,141.00,91480.00
21/10/2013,142.00,VNM,142.00,142.00,141.00,83200.00
18/10/2013,142.00,VNM,141.00,142.00,141.00,139400.00
17/10/2013,141.00,VNM,142.00,143.00,141.00,125820.00
16/10/2013,142.00,VNM,142.00,142.00,141.00,110980.00
15/10/2013,142.00,VNM,141.00,142.00,140.00,100290.00
14/10/2013,141.00,VNM,140.00,142.00,140.00,91900.00
11/10/2013,140.00,VNM,141.00,142.00,140.00,160730.00
10/10/2013,140.00,VNM,142.00,143.00,140.00,129610.00
09/10/2013,142.00,VNM,140.00,143.00,139.00,334620.00
08/10/2013,140.00,VNM,140.00,140.00,139.00,156730.00
07/10/2013,140.00,VNM,140.00,141.00,139.00,153310.00
04/10/2013,140.00,VNM,139.00,140.00,138.00,88360.00
03/10/2013,139.00,VNM,140.00,140.00,139.00,61720.00
02/10/2013,140.00,VNM,139.00,141.00,139.00,98350.00
01/10/2013,139.00,VNM,141.00,142.00,139.00,124630.00
30/09/2013,141.00,VNM,140.00,141.00,139.00,92160.00
27/09/2013,140.00,VNM,139.00,140.00,138.00,57260.00
26/09/2013,139.00,VNM,140.00,141.00,139.00,91970.00
25/09/2013,140.00,VNM,137.00,143.00,137.00,257540.00
24/09/2013,138.00,VNM,137.00,138.00,136.00,61330.00
23/09/2013,137.00,VNM,137.00,138.00,136.00,128710.00
20/09/2013,138.00,VNM,137.00,138.00,136.00,35340.00
19/09/2013,137.00,VNM,137.00,138.00,136.00,58080.00
18/09/2013,136.00,VNM,138.00,138.00,136.00,73620.00
17/09/2013,137.00,VNM,137.00,138.00,136.00,82100.00
16/09/2013,137.00,VNM,138.00,138.00,136.00,62070.00
13/09/2013,138.00,VNM,137.00,138.00,136.00,57390.00
12/09/2013,137.00,VNM,138.00,138.00,137.00,67390.00
11/09/2013,138.00,VNM,138.00,139.00,137.00,145120.00
10/09/2013,138.00,VNM,136.00,138.00,136.00,98300.00
09/09/2013,136.00,VNM,138.00,139.00,135.00,213380.00
06/09/2013,139.00,VNM,142.00,142.00,138.00,622950.00
05/09/2013,139.00,VNM,139.00,142.00,138.00,606010.00
04/09/2013,136.00,VNM,135.00,139.00,135.00,559630.00
03/09/2013,133.00,VNM,132.00,135.00,131.00,240850.00
30/08/2013,130.00,VNM,132.00,133.00,126.00,989560.00
29/08/2013,132.00,VNM,133.00,135.00,132.00,686640.00
28/08/2013,133.00,VNM,138.00,138.00,133.00,704560.00
27/08/2013,139.00,VNM,139.00,140.00,137.00,375240.00
26/08/2013,140.00,VNM,135.00,140.00,131.00,799920.00
23/08/2013,136.00,VNM,143.00,143.00,134.00,1332760.00
22/08/2013,143.00,VNM,145.00,146.00,143.00,479780.00
21/08/2013,146.00,VNM,145.00,146.00,144.00,232120.00
20/08/2013,146.00,VNM,148.00,149.00,145.00,600930.00
19/08/2013,150.00,VNM,149.00,150.00,148.00,587140.00
16/08/2013,150.00,VNM,151.00,151.00,148.00,395060.00
15/08/2013,151.00,VNM,150.00,151.00,149.00,258740.00
14/08/2013,149.00,VNM,147.00,149.00,146.00,206100.00
13/08/2013,147.00,VNM,145.00,147.00,145.00,213280.00
12/08/2013,145.00,VNM,146.00,146.00,145.00,116260.00
09/08/2013,145.00,VNM,145.00,146.00,144.00,159070.00
08/08/2013,145.00,VNM,145.00,146.00,144.00,151820.00
07/08/2013,145.00,VNM,146.00,146.00,145.00,292010.00
06/08/2013,146.00,VNM,144.00,147.00,143.00,291030.00
05/08/2013,144.00,VNM,146.00,147.00,144.00,371780.00
02/08/2013,146.00,VNM,146.00,147.00,145.00,174920.00
01/08/2013,145.00,VNM,145.00,146.00,144.00,183380.00
31/07/2013,145.00,VNM,142.00,145.00,142.00,247770.00
30/07/2013,142.00,VNM,142.00,143.00,141.00,241950.00
29/07/2013,141.00,VNM,144.00,145.00,141.00,253290.00
26/07/2013,144.00,VNM,143.00,144.00,142.00,162950.00
25/07/2013,143.00,VNM,142.00,144.00,141.00,230340.00
24/07/2013,142.00,VNM,145.00,145.00,142.00,386880.00
23/07/2013,145.00,VNM,146.00,147.00,145.00,382650.00
22/07/2013,145.00,VNM,144.00,145.00,142.00,209600.00
19/07/2013,144.00,VNM,141.00,144.00,141.00,422230.00
18/07/2013,140.00,VNM,139.00,141.00,139.00,201870.00
17/07/2013,140.00,VNM,140.00,140.00,138.00,245830.00
16/07/2013,139.00,VNM,137.00,140.00,137.00,506730.00
15/07/2013,137.00,VNM,137.00,138.00,136.00,122900.00
12/07/2013,137.00,VNM,136.00,137.00,135.00,153350.00
11/07/2013,136.00,VNM,136.00,137.00,135.00,112390.00
10/07/2013,136.00,VNM,137.00,138.00,136.00,161190.00
09/07/2013,136.00,VNM,135.00,137.00,135.00,189580.00
08/07/2013,134.00,VNM,134.00,135.00,133.00,130740.00
05/07/2013,134.00,VNM,134.00,135.00,133.00,72890.00
04/07/2013,134.00,VNM,134.00,135.00,133.00,97200.00
03/07/2013,134.00,VNM,135.00,136.00,134.00,149530.00
02/07/2013,135.00,VNM,133.00,135.00,133.00,346060.00
01/07/2013,131.00,VNM,130.00,132.00,130.00,113300.00
28/06/2013,132.00,VNM,132.00,133.00,131.00,100240.00
27/06/2013,132.00,VNM,131.00,132.00,130.00,205810.00
26/06/2013,130.00,VNM,130.00,131.00,129.00,226880.00
25/06/2013,130.00,VNM,133.00,134.00,127.00,419640.00
24/06/2013,134.00,VNM,135.00,135.00,132.00,154040.00
21/06/2013,134.00,VNM,133.00,135.00,133.00,123320.00
20/06/2013,134.00,VNM,135.00,136.00,133.00,112610.00
19/06/2013,135.00,VNM,134.00,136.00,134.00,130700.00
18/06/2013,133.00,VNM,132.00,134.00,132.00,120890.00
17/06/2013,132.00,VNM,137.00,137.00,132.00,390940.00
14/06/2013,137.00,VNM,137.00,138.00,136.00,76880.00
13/06/2013,138.00,VNM,138.00,138.00,136.00,257630.00
12/06/2013,139.00,VNM,140.00,140.00,139.00,108800.00
11/06/2013,140.00,VNM,139.00,140.00,137.00,164490.00
10/06/2013,138.00,VNM,137.00,139.00,137.00,290650.00
07/06/2013,136.00,VNM,136.00,137.00,135.00,146880.00
06/06/2013,135.00,VNM,134.00,135.00,133.00,188880.00
05/06/2013,134.00,VNM,133.00,134.00,132.00,199230.00
04/06/2013,132.00,VNM,133.00,134.00,132.00,189940.00
03/06/2013,133.00,VNM,134.00,135.00,133.00,129090.00
31/05/2013,134.00,VNM,134.00,136.00,133.00,264490.00
30/05/2013,134.00,VNM,134.00,134.00,132.00,185110.00
29/05/2013,133.00,VNM,135.00,135.00,133.00,231110.00
28/05/2013,135.00,VNM,135.00,135.00,134.00,183380.00
27/05/2013,134.00,VNM,132.00,136.00,132.00,446120.00
24/05/2013,131.00,VNM,129.00,133.00,129.00,381910.00
23/05/2013,130.00,VNM,130.00,132.00,129.00,271020.00
22/05/2013,130.00,VNM,129.00,130.00,128.00,185010.00
21/05/2013,128.00,VNM,127.00,131.00,127.00,599420.00
20/05/2013,126.00,VNM,126.00,126.00,124.00,212390.00
17/05/2013,125.00,VNM,125.00,126.00,124.00,170120.00
16/05/2013,125.00,VNM,124.00,125.00,123.00,154240.00
15/05/2013,124.00,VNM,123.00,125.00,123.00,125890.00
14/05/2013,124.00,VNM,123.00,124.00,122.00,174290.00
13/05/2013,124.00,VNM,124.00,124.00,123.00,51040.00
10/05/2013,124.00,VNM,124.00,125.00,123.00,189470.00
09/05/2013,124.00,VNM,123.00,124.00,123.00,66390.00
08/05/2013,124.00,VNM,124.00,124.00,123.00,47030.00
07/05/2013,124.00,VNM,125.00,126.00,124.00,156630.00
06/05/2013,125.00,VNM,124.00,125.00,123.00,175190.00
03/05/2013,123.00,VNM,121.00,123.00,121.00,91300.00
02/05/2013,122.00,VNM,123.00,123.00,121.00,177790.00
26/04/2013,124.00,VNM,126.00,127.00,124.00,298840.00
25/04/2013,126.00,VNM,125.00,126.00,124.00,103840.00
24/04/2013,125.00,VNM,125.00,125.00,124.00,64650.00
23/04/2013,125.00,VNM,124.00,126.00,123.00,248200.00
22/04/2013,122.00,VNM,122.00,123.00,121.00,169190.00
18/04/2013,123.00,VNM,122.00,123.00,121.00,198330.00
17/04/2013,124.00,VNM,123.00,124.00,121.00,183330.00
16/04/2013,121.00,VNM,119.00,122.00,115.00,579830.00
15/04/2013,120.00,VNM,124.00,124.00,120.00,575370.00
12/04/2013,125.00,VNM,128.00,129.00,124.00,362540.00
11/04/2013,128.00,VNM,128.00,129.00,125.00,526180.00
10/04/2013,126.00,VNM,130.00,133.00,126.00,454070.00
09/04/2013,129.00,VNM,125.00,130.00,125.00,299320.00
08/04/2013,125.00,VNM,123.00,125.00,123.00,173740.00
05/04/2013,123.00,VNM,121.00,123.00,120.00,175850.00
04/04/2013,120.00,VNM,122.00,123.00,120.00,443960.00
03/04/2013,123.00,VNM,121.00,123.00,121.00,350420.00
02/04/2013,122.00,VNM,122.00,125.00,122.00,403390.00
01/04/2013,122.00,VNM,117.00,122.00,117.00,499290.00
29/03/2013,116.00,VNM,114.00,116.00,113.00,395970.00
28/03/2013,115.00,VNM,114.00,115.00,113.00,142890.00
27/03/2013,113.00,VNM,113.00,114.00,112.00,216610.00
26/03/2013,113.00,VNM,115.00,115.00,112.00,265980.00
25/03/2013,115.00,VNM,114.00,115.00,112.00,275760.00
22/03/2013,113.00,VNM,112.00,115.00,111.00,509210.00
21/03/2013,111.00,VNM,107.00,112.00,107.00,697470.00
20/03/2013,107.00,VNM,106.00,107.00,105.00,163400.00
19/03/2013,105.00,VNM,106.00,106.00,105.00,79440.00
18/03/2013,105.00,VNM,104.00,108.00,103.00,383160.00
15/03/2013,104.00,VNM,103.00,104.00,103.00,75460.00
14/03/2013,104.00,VNM,104.00,104.00,103.00,53170.00
13/03/2013,104.00,VNM,104.00,105.00,103.00,136290.00
12/03/2013,104.00,VNM,104.00,105.00,103.00,113410.00
11/03/2013,105.00,VNM,104.00,105.00,103.00,120190.00
08/03/2013,104.00,VNM,104.00,105.00,104.00,96980.00
07/03/2013,105.00,VNM,105.00,105.00,103.00,135160.00
06/03/2013,105.00,VNM,105.00,106.00,104.00,266470.00
05/03/2013,103.00,VNM,102.00,103.00,101.00,207890.00
04/03/2013,102.00,VNM,103.00,104.00,102.00,138270.00
01/03/2013,103.00,VNM,103.00,104.00,103.00,91290.00
28/02/2013,103.00,VNM,103.00,104.00,102.00,161170.00
27/02/2013,102.00,VNM,102.00,103.00,101.00,129120.00
26/02/2013,101.00,VNM,103.00,104.00,101.00,193660.00
25/02/2013,103.00,VNM,103.00,104.00,102.00,167680.00
22/02/2013,102.00,VNM,102.00,104.00,100.00,348530.00
21/02/2013,101.00,VNM,105.00,105.00,101.00,236050.00
20/02/2013,104.00,VNM,101.00,107.00,100.00,466760.00
19/02/2013,101.00,VNM,101.00,103.00,101.00,185290.00
18/02/2013,102.00,VNM,103.00,103.00,101.00,125690.00
08/02/2013,102.00,VNM,102.00,103.00,101.00,78380.00
07/02/2013,102.00,VNM,102.00,103.00,102.00,105610.00
06/02/2013,103.00,VNM,99.50,103.00,99.50,187250.00
05/02/2013,99.50,VNM,102.00,102.00,99.50,432970.00
04/02/2013,101.00,VNM,102.00,102.00,101.00,117260.00
01/02/2013,102.00,VNM,100.00,102.00,99.50,277990.00
31/01/2013,101.00,VNM,102.00,103.00,101.00,169570.00
30/01/2013,103.00,VNM,103.00,104.00,102.00,245500.00
29/01/2013,104.00,VNM,104.00,105.00,102.00,273610.00
28/01/2013,105.00,VNM,100.00,106.00,100.00,657030.00
25/01/2013,99.50,VNM,99.00,100.00,98.50,430810.00
24/01/2013,99.00,VNM,98.00,99.50,98.00,160380.00
23/01/2013,98.00,VNM,98.00,101.00,98.00,250560.00
22/01/2013,96.50,VNM,96.00,97.50,95.50,246990.00
21/01/2013,96.50,VNM,98.00,98.50,96.50,75950.00
18/01/2013,97.50,VNM,98.00,98.50,96.50,206860.00
17/01/2013,98.00,VNM,99.50,99.50,98.00,291160.00
16/01/2013,99.50,VNM,100.00,101.00,99.00,215810.00
15/01/2013,100.00,VNM,99.00,101.00,99.00,192400.00
14/01/2013,99.50,VNM,101.00,102.00,98.50,371220.00
11/01/2013,103.00,VNM,102.00,104.00,101.00,362160.00
10/01/2013,100.00,VNM,95.50,100.00,95.00,593410.00
09/01/2013,95.50,VNM,96.50,96.50,93.50,455050.00
08/01/2013,92.00,VNM,88.00,92.00,88.00,629670.00
07/01/2013,88.00,VNM,88.00,89.00,88.00,135530.00
04/01/2013,88.00,VNM,86.00,88.00,86.00,147250.00
03/01/2013,86.50,VNM,87.00,87.50,86.00,146370.00
02/01/2013,87.00,VNM,87.50,88.00,87.00,199930.00
